﻿Label (Grouping),United States!!Median earnings (dollars)!!Estimate,United States!!Median earnings (dollars) for male!!Estimate,United States!!Median earnings (dollars) for female!!Estimate,United States!!Women's earnings as a percentage of men's earning!!Estimate
"Full-time, year-round civilian employed population 16 years and over with earnings","47,712","52,556","41,752",79.40%
"    Management, business, science, and arts occupations:","66,836","79,452","57,433",72.30%
"        Management, business, and financial occupations:","72,804","82,896","62,522",75.40%
            Management occupations,"76,054","84,668","64,226",75.90%
            Business and financial operations occupations,"67,083","77,951","60,021",77.00%
"        Computer, engineering, and science occupations:","81,890","84,916","71,530",84.20%
            Computer and mathematical occupations,"83,887","87,431","74,720",85.50%
            Architecture and engineering occupations,"83,562","84,996","73,387",86.30%
"            Life, physical, and social science occupations","67,338","72,296","62,660",86.70%
"        Education, legal, community service, arts, and media occupations:","52,798","61,698","49,138",79.60%
            Community and social service occupations,"45,880","48,070","44,835",93.30%
            Legal occupations,"92,559","126,824","68,713",54.20%
"            Educational instruction, and library occupations","51,138","59,234","48,107",81.20%
"            Arts, design, entertainment, sports, and media occupations","54,325","58,692","50,788",86.50%
        Healthcare practitioners and technical occupations:,"64,011","83,290","60,563",72.70%
            Health diagnosing and treating practitioners and other technical occupations,"76,181","110,044","70,565",64.10%
            Health technologists and technicians,"42,044","49,073","40,891",83.30%
    Service occupations:,"29,000","33,279","25,665",77.10%
        Healthcare support occupations,"28,094","30,814","27,611",89.60%
        Protective service occupations:,"52,735","55,217","42,305",76.60%
"            Firefighting and prevention, and other protective service workers including supervisors","42,278","45,081","35,795",79.40%
            Law enforcement workers including supervisors,"61,131","63,499","50,232",79.10%
        Food preparation and serving related occupations,"23,713","25,781","21,754",84.40%
        Building and grounds cleaning and maintenance occupations,"27,410","30,847","22,642",73.40%
        Personal care and service occupations,"26,804","32,285","25,348",78.50%
    Sales and office occupations:,"40,674","50,263","36,521",72.70%
        Sales and related occupations,"45,644","53,878","35,549",66.00%
        Office and administrative support occupations,"38,214","43,296","36,783",85.00%
"    Natural resources, construction, and maintenance occupations:","42,407","42,817","32,166",75.10%
"        Farming, fishing, and forestry occupations","27,529","29,595","21,585",72.90%
        Construction and extraction occupations,"41,662","41,757","36,242",86.80%
"        Installation, maintenance, and repair occupations","47,819","48,016","42,226",87.90%
"    Production, transportation, and material moving occupations:","37,207","40,531","28,866",71.20%
        Production occupations,"38,383","42,009","29,299",69.70%
        Transportation occupations,"43,251","44,871","32,602",72.70%
        Material moving occupations,"30,585","31,602","26,516",83.90%