﻿Label (Grouping),United States!!Median earnings (dollars)!!Estimate,United States!!Median earnings (dollars) for male!!Estimate,United States!!Median earnings (dollars) for female!!Estimate,United States!!Women's earnings as a percentage of men's earning!!Estimate
"Full-time, year-round civilian employed population 16 years and over with earnings","44,910","50,318","40,019",79.50%
"Management, business, science, and arts occupations:","63,341","75,607","54,222",71.70%
"    Management, business, and financial occupations:","68,795","78,990","58,759",74.40%
        Management occupations,"72,586","81,319","61,380",75.50%
        Business and financial operations occupations,"62,013","72,565","55,161",76.00%
"    Computer, engineering, and science occupations:","77,718","81,219","67,842",83.50%
        Computer and mathematical occupations,"80,219","82,831","71,586",86.40%
        Architecture and engineering occupations,"80,000","81,438","69,055",84.80%
"        Life, physical, and social science occupations","64,133","69,136","59,890",86.60%
"    Education, legal, community service, arts, and media occupations:","50,634","58,955","46,558",79.00%
        Community and social services occupations,"43,342","45,317","42,397",93.60%
        Legal occupations,"86,049","121,268","63,419",52.30%
"        Education, training, and library occupations","49,084","56,555","45,942",81.20%
"        Arts, design, entertainment, sports, and media occupations","51,663","55,226","47,300",85.60%
    Healthcare practitioner and technical occupations:,"61,680","81,188","57,522",70.90%
        Health diagnosing and treating practitioners and other technical occupations,"72,741","105,313","66,908",63.50%
        Health technologists and technicians,"41,036","46,879","39,847",85.00%
Service occupations:,"27,073","31,618","24,105",76.20%
    Healthcare support occupations,"27,783","31,182","27,319",87.60%
    Protective service occupations:,"50,605","52,359","41,335",78.90%
"        Fire fighting and prevention, and other protective service workers including supervisors","41,109","42,560","34,900",82.00%
        Law enforcement workers including supervisors,"57,986","60,726","48,289",79.50%
    Food preparation and serving related occupations,"21,924","23,656","20,525",86.80%
    Building and grounds cleaning and maintenance occupations,"26,004","29,152","21,474",73.70%
    Personal care and service occupations,"24,528","30,433","22,735",74.70%
Sales and office occupations:,"37,739","45,755","34,579",75.60%
    Sales and related occupations,"42,341","51,218","32,740",63.90%
    Office and administrative support occupations,"35,892","39,889","35,003",87.80%
"Natural resources, construction, and maintenance occupations:","41,197","41,417","31,272",75.50%
"    Farming, fishing, and forestry occupations","25,838","27,001","20,115",74.50%
    Construction and extraction occupations,"40,583","40,659","35,417",87.10%
"    Installation, maintenance, and repair occupations","45,278","45,419","41,061",90.40%
"Production, transportation, and material moving occupations:","36,291","39,335","27,177",69.10%
    Production occupations,"36,404","40,541","27,279",67.30%
    Transportation occupations,"41,466","42,145","31,626",75.00%
    Material moving occupations,"30,146","31,137","24,656",79.20%