﻿Label (Grouping),United States!!Median earnings (dollars)!!Estimate,United States!!Median earnings (dollars) for male!!Estimate,United States!!Median earnings (dollars) for female!!Estimate,United States!!Women's earnings as a percentage of men's earning!!Estimate
"Full-time, year-round civilian employed population 16 years and over with earnings","49,041","53,506","43,116",80.60%
"    Management, business, science, and arts occupations:","68,727","81,455","59,077",72.50%
"        Management, business, and financial occupations:","74,887","84,998","63,853",75.10%
            Management occupations,"77,925","86,876","65,805",75.70%
            Business and financial operations occupations,"69,155","80,212","61,761",77.00%
"        Computer, engineering, and science occupations:","84,021","87,334","73,660",84.30%
            Computer and mathematical occupations,"86,328","90,408","76,836",85.00%
            Architecture and engineering occupations,"85,713","87,187","75,859",87.00%
"            Life, physical, and social science occupations","69,625","74,540","64,327",86.30%
"        Education, legal, community service, arts, and media occupations:","53,590","62,638","50,162",80.10%
            Community and social service occupations,"47,101","49,092","46,189",94.10%
            Legal occupations,"94,496","129,137","70,509",54.60%
"            Educational instruction, and library occupations","51,888","60,327","48,995",81.20%
"            Arts, design, entertainment, sports, and media occupations","55,380","59,952","52,017",86.80%
        Healthcare practitioners and technical occupations:,"65,024","85,146","61,997",72.80%
            Health diagnosing and treating practitioners and other technical occupations,"78,141","112,691","72,294",64.20%
            Health technologists and technicians,"43,382","49,727","41,857",84.20%
    Service occupations:,"30,145","34,490","26,283",76.20%
        Healthcare support occupations,"29,223","31,492","28,673",91.00%
        Protective service occupations:,"53,734","56,846","43,552",76.60%
"            Firefighting and prevention, and other protective service workers including supervisors","43,573","46,349","36,132",78.00%
            Law enforcement workers including supervisors,"62,778","64,835","51,627",79.60%
        Food preparation and serving related occupations,"24,723","26,526","22,357",84.30%
        Building and grounds cleaning and maintenance occupations,"28,412","31,471","23,539",74.80%
        Personal care and service occupations,"27,455","32,951","26,052",79.10%
    Sales and office occupations:,"41,504","51,022","37,480",73.50%
        Sales and related occupations,"46,849","54,683","36,483",66.70%
        Office and administrative support occupations,"39,212","44,425","37,764",85.00%
"    Natural resources, construction, and maintenance occupations:","44,078","44,487","32,469",73.00%
"        Farming, fishing, and forestry occupations","29,114","30,745","22,309",72.60%
        Construction and extraction occupations,"42,913","43,085","36,768",85.30%
"        Installation, maintenance, and repair occupations","49,035","49,282","42,420",86.10%
"    Production, transportation, and material moving occupations:","38,452","41,393","29,951",72.40%
        Production occupations,"39,585","43,390","30,346",69.90%
        Transportation occupations,"44,752","46,261","32,997",71.30%
        Material moving occupations,"31,085","32,045","26,942",84.10%