﻿Label (Grouping),United States!!Median earnings (dollars)!!Estimate,United States!!Median earnings (dollars) for male!!Estimate,United States!!Median earnings (dollars) for female!!Estimate,United States!!Women's earnings as a percentage of men's earning!!Estimate
"Full-time, year-round civilian employed population 16 years and over with earnings","46,022","51,050","40,824",80.00%
"    Management, business, science, and arts occupations:","64,936","77,555","55,669",71.80%
"        Management, business, and financial occupations:","70,783","80,918","60,584",74.90%
            Management occupations,"74,458","83,375","62,666",75.20%
            Business and financial operations occupations,"63,608","74,273","56,912",76.60%
"        Computer, engineering, and science occupations:","80,100","83,393","70,177",84.20%
            Computer and mathematical occupations,"82,457","85,232","73,779",86.60%
            Architecture and engineering occupations,"81,735","83,409","71,162",85.30%
"            Life, physical, and social science occupations","65,678","71,127","61,150",86.00%
"        Education, legal, community service, arts, and media occupations:","51,393","60,252","47,567",78.90%
            Community and social services occupations,"44,573","46,377","43,600",94.00%
            Legal occupations,"88,859","123,679","65,653",53.10%
"            Education, training, and library occupations","50,070","57,546","46,756",81.20%
"            Arts, design, entertainment, sports, and media occupations","52,515","56,603","49,130",86.80%
        Healthcare practitioner and technical occupations:,"62,424","81,969","59,241",72.30%
            Health diagnosing and treating practitioners and other technical occupations,"74,319","106,218","68,550",64.50%
            Health technologists and technicians,"41,503","47,304","40,393",85.40%
    Service occupations:,"27,855","32,206","24,835",77.10%
        Healthcare support occupations,"28,676","31,665","28,149",88.90%
        Protective service occupations:,"51,387","53,733","41,808",77.80%
"            Fire fighting and prevention, and other protective service workers including supervisors","41,606","43,704","35,305",80.80%
            Law enforcement workers including supervisors,"59,719","61,730","49,170",79.70%
        Food preparation and serving related occupations,"22,653","24,695","21,129",85.60%
        Building and grounds cleaning and maintenance occupations,"26,662","30,112","22,020",73.10%
        Personal care and service occupations,"25,235","30,679","23,714",77.30%
    Sales and office occupations:,"38,904","46,679","35,443",75.90%
        Sales and related occupations,"43,930","52,043","34,278",65.90%
        Office and administrative support occupations,"36,525","40,414","35,680",88.30%
"    Natural resources, construction, and maintenance occupations:","41,732","41,969","31,600",75.30%
"        Farming, fishing, and forestry occupations","26,603","28,026","20,697",73.80%
        Construction and extraction occupations,"41,041","41,133","35,423",86.10%
"        Installation, maintenance, and repair occupations","46,240","46,389","41,814",90.10%
"    Production, transportation, and material moving occupations:","36,899","40,260","27,970",69.50%
        Production occupations,"37,015","41,145","28,158",68.40%
        Transportation occupations,"42,092","43,223","32,012",74.10%
        Material moving occupations,"30,617","31,651","25,209",79.60%