﻿Label (Grouping),United States!!Median earnings (dollars)!!Estimate,United States!!Median earnings (dollars) for male!!Estimate,United States!!Median earnings (dollars) for female!!Estimate,United States!!Women's earnings as a percentage of men's earning!!Estimate
"Full-time, year-round civilian employed population 16 years and over with earnings","50,459","54,601","44,344",81.20%
"    Management, business, science, and arts occupations:","70,259","82,448","60,472",73.30%
"        Management, business, and financial occupations:","75,900","86,077","65,436",76.00%
            Management occupations,"79,419","88,674","67,206",75.80%
            Business and financial operations occupations,"70,708","81,124","63,101",77.80%
"        Computer, engineering, and science occupations:","85,309","89,176","75,143",84.30%
            Computer and mathematical occupations,"87,551","91,757","78,394",85.40%
            Architecture and engineering occupations,"86,641","88,817","77,029",86.70%
"            Life, physical, and social science occupations","70,746","75,333","65,924",87.50%
"        Education, legal, community service, arts, and media occupations:","54,307","63,467","50,971",80.30%
            Community and social service occupations,"48,070","50,001","47,207",94.40%
            Legal occupations,"96,222","131,124","71,483",54.50%
"            Educational instruction, and library occupations","52,376","61,130","49,818",81.50%
"            Arts, design, entertainment, sports, and media occupations","56,649","60,978","52,803",86.60%
        Healthcare practitioners and technical occupations:,"66,811","85,762","63,097",73.60%
            Health diagnosing and treating practitioners and other technical occupations,"79,548","112,700","73,476",65.20%
            Health technologists and technicians,"44,230","50,855","42,474",83.50%
    Service occupations:,"30,921","35,880","26,956",75.10%
        Healthcare support occupations,"30,270","32,578","29,851",91.60%
        Protective service occupations:,"54,640","58,315","44,267",75.90%
"            Firefighting and prevention, and other protective service workers including supervisors","44,690","47,962","36,691",76.50%
            Law enforcement workers including supervisors,"63,662","66,360","52,335",78.90%
        Food preparation and serving related occupations,"25,375","27,111","22,991",84.80%
        Building and grounds cleaning and maintenance occupations,"29,735","32,425","24,438",75.40%
        Personal care and service occupations,"28,513","34,343","26,592",77.40%
    Sales and office occupations:,"42,086","51,596","38,239",74.10%
        Sales and related occupations,"47,973","55,678","37,409",67.20%
        Office and administrative support occupations,"40,014","45,102","38,456",85.30%
"    Natural resources, construction, and maintenance occupations:","45,250","45,761","34,069",74.40%
"        Farming, fishing, and forestry occupations","30,567","31,856","23,494",73.80%
        Construction and extraction occupations,"43,993","44,199","37,452",84.70%
"        Installation, maintenance, and repair occupations","50,166","50,357","42,767",84.90%
"    Production, transportation, and material moving occupations:","39,229","41,930","30,584",72.90%
        Production occupations,"40,481","44,212","31,117",70.40%
        Transportation occupations,"45,645","47,222","33,941",71.90%
        Material moving occupations,"31,611","32,826","27,511",83.80%