﻿Label (Grouping),United States!!Median earnings (dollars)!!Estimate,United States!!Median earnings (dollars) for male!!Estimate,United States!!Median earnings (dollars) for female!!Estimate,United States!!Women's earnings as a percentage of men's earning!!Estimate
"Full-time, year-round civilian employed population 16 years and over with earnings","44,172","49,828","39,315",78.90%
"Management, business, science, and arts occupations:","62,409","74,813","53,455",71.50%
"    Management, business, and financial occupations:","67,332","77,660","57,225",73.70%
        Management occupations,"71,546","80,464","60,485",75.20%
        Business and financial operations occupations,"61,323","71,894","54,224",75.40%
"    Computer, engineering, and science occupations:","76,583","80,288","66,878",83.30%
        Computer and mathematical occupations,"78,748","81,644","70,816",86.70%
        Architecture and engineering occupations,"78,575","80,565","67,675",84.00%
"        Life, physical, and social science occupations","63,563","68,518","59,010",86.10%
"    Education, legal, community service, arts, and media occupations:","50,357","58,385","46,222",79.20%
        Community and social services occupations,"42,811","44,846","42,053",93.80%
        Legal occupations,"85,160","119,983","62,140",51.80%
"        Education, training, and library occupations","48,754","56,307","45,704",81.20%
"        Arts, design, entertainment, sports, and media occupations","51,382","54,761","46,962",85.80%
    Healthcare practitioner and technical occupations:,"61,346","81,040","57,068",70.40%
        Health diagnosing and treating practitioners and other technical occupations,"72,040","105,213","66,213",62.90%
        Health technologists and technicians,"40,945","46,730","39,571",84.70%
Service occupations:,"26,862","31,504","23,767",75.40%
    Healthcare support occupations,"27,524","31,189","27,138",87.00%
    Protective service occupations:,"50,402","52,215","40,956",78.40%
"        Fire fighting and prevention, and other protective service workers including supervisors","41,014","42,518","34,491",81.10%
        Law enforcement workers including supervisors,"57,542","60,465","47,416",78.40%
    Food preparation and serving related occupations,"21,592","23,056","20,204",87.60%
    Building and grounds cleaning and maintenance occupations,"25,717","28,695","21,218",73.90%
    Personal care and service occupations,"24,171","30,388","22,388",73.70%
Sales and office occupations:,"37,328","45,295","34,070",75.20%
    Sales and related occupations,"41,945","50,681","32,320",63.80%
    Office and administrative support occupations,"35,569","39,547","34,522",87.30%
"Natural resources, construction, and maintenance occupations:","41,005","41,214","31,634",76.80%
"    Farming, fishing, and forestry occupations","25,393","26,519","19,530",73.60%
    Construction and extraction occupations,"40,383","40,454","35,612",88.00%
"    Installation, maintenance, and repair occupations","44,798","44,949","41,454",92.20%
"Production, transportation, and material moving occupations:","35,925","38,691","26,900",69.50%
    Production occupations,"36,065","40,245","26,974",67.00%
    Transportation occupations,"41,058","41,767","31,238",74.80%
    Material moving occupations,"29,858","30,912","24,520",79.30%