﻿Year,Field of study,Total bachelors,Annual percent change bachelors,Males bachelors,Females bachelors,Females as a percent of total bachelors,Male percentage of total graduates,Total masters,Males masters,Females masters,Year,Field,Male total workforce,Female workforce,Male median earnings,Female median earnings ,Percentage of women in Workforce ,% change annual male workforce,% change annual female workforce,% change annual male median earning,% change annual female median earning,Womens earnings as percentage of mens
01/01/2011,Computer and information science,43066,0.088,35477,7589,0.176,0.824,19516,14010,5506,01/01/2011,Computing Occupations,1824332,654608,78281,70115.6,0.26,0.06,0.02,0.03,0.04,0.895691164
01/01/2012,Computer and information science,47406,0.101,38796,8610,0.182,0.818,20925,15132,5793,01/01/2012,Computing Occupations,1889293,656901,79466,67681.4,0.26,0.04,0,0.02,-0.03,0.851702615
01/01/2013,Computer and information science,50961,0.075,41874,9087,0.178,0.822,22782,16539,6243,01/01/2013,Computing Occupations,1940713,665248,79798,72809.4,0.26,0.03,0.01,0,0.08,0.912421364
01/01/2014,Computer and information science,55271,0.085,45320,9951,0.18,0.82,24514,17472,7042,01/01/2014,Computing Occupations,2072937,716966,81288.6,72566.6,0.26,0.07,0.08,0.02,0,0.892703282
01/01/2015,Computer and information science,59586,0.078,48844,10742,0.18,0.82,31475,21893,9582,01/01/2015,Computing Occupations,2161971,739995,81520.4,71445.7,0.25,0.04,0.03,0,-0.02,0.876414983
01/01/2016,Computer and information science,64402,0.081,52330,12072,0.187,0.813,40130,27788,12342,01/01/2016,Computing Occupations,2247100,773752,82650.5,72505.8,0.26,0.04,0.05,0.01,0.01,0.877257851
01/01/2017,Computer and information science,71416,0.109,57763,13653,0.191,0.809,46553,32172,14381,01/01/2017,Computing Occupations,2327898,801011,84946,76163,0.26,0.04,0.04,0.03,0.05,0.896604902
01/01/2018,Computer and information science,79597,0.115,63703,15894,0.2,0.8,46468,31397,15071,01/01/2018,Computing Occupations,2560769,929626,87521.7,77313.6,0.27,0.1,0.16,0.03,0.02,0.883364925
01/01/2019,Computer and information science,88633,0.114,70319,18314,0.207,0.793,45667,30670,14997,01/01/2019,Computing Occupations,2613337,957115,89776.2,79564.9,0.27,0.02,0.03,0.03,0.03,0.886258273
01/01/2020,Computer and information science,97047,0.095,76331,20716,0.213,0.787,51521,34394,17127,01/01/2020,Computing Occupations,2648259,975084,90981.3,81013.3,0.27,0.01,0.02,0.01,0.02,0.890439024
,,,,,,,,,,,,,,,,,,,,,,
,,,,,,,,,,,,,,,,,,,,,,