,By gender,By industry,2016,2017,2018,2019,2020,2021,2022.01,2022.02,2022.03,2022.04,2022.05,2022.06
0,Total,Total,26409,26725,26822,27123,26904,27273,26953,27402,27754,28078,28485,28478
1,Total,"A, Agriculture, forestry and fishing",1273,1279,1340,1395,1445,1458,1246,1276,1408,1545,1669,1677
2,Total,"*Mining & manufacturing(B,C)",4603,4589,4529,4444,4389,4380,4479,4462,4525,4531,4515,4508
3,Total,"B, Mining and quarrying",19,23,19,15,13,12,13,12,13,13,12,9
4,Total,"C, Manufacturing",4584,4566,4510,4429,4376,4368,4467,4450,4512,4518,4504,4498
5,Total,*S.O.C. & other services(D~U),20534,20857,20953,21284,21071,21435,21228,21664,21821,22003,22300,22294
6,Total,"D, Electricity, gas, steam and air conditioning supply",76,72,70,68,74,71,78,77,73,76,78,76
7,Total,"E, Water supply; sewage, waste management, materials recovery",113,115,127,135,153,169,173,176,171,157,156,145
8,Total,"F, Construction",1869,1988,2034,2020,2016,2090,2055,2044,2115,2123,2183,2185
9,Total,"*Wholesale & retail trade, hotels & restaurants(G,I)",6045,6083,5965,5966,5647,5451,5428,5430,5415,5453,5514,5492
10,Total,"*Business, personal, public service & others(E,L~U)",9532,9734,9800,10139,10227,10536,10285,10687,10858,10962,11097,11095
11,Total,"* Electricity, transport, communication & finance(D,H,J,K)",3088,3053,3154,3160,3181,3358,3459,3503,3434,3464,3506,3523
12,Total,"G, Wholesale and retail trade",3754,3795,3723,3663,3503,3353,3335,3332,3328,3342,3340,3304
13,Total,"H, Transportation and storage",1426,1405,1407,1431,1482,1586,1659,1666,1634,1651,1676,1694
14,Total,"I, Accommodation and food service activities",2291,2288,2243,2303,2144,2098,2093,2098,2087,2111,2173,2188
15,Total,"J, Information and communication",784,783,837,861,847,901,941,972,958,981,985,992
16,Total,"K, Financial and insurance activities",803,794,840,800,778,800,781,788,768,756,767,761
17,Total,"L, Real estate activities",483,540,528,556,517,531,530,554,552,545,568,571
18,Total,"M, Professional, scientific and technical activities",1101,1092,1096,1157,1164,1219,1285,1281,1268,1258,1277,1275
19,Total,"N, Business facilities management and business support services; rental and leasing activities",1391,1374,1311,1312,1347,1397,1426,1406,1417,1459,1444,1425
20,Total,"O, Public administration and defence; compulsory social security",1004,1058,1110,1076,1112,1143,1023,1138,1207,1248,1271,1263
21,Total,"P, Education",1862,1907,1847,1883,1798,1840,1843,1852,1888,1900,1912,1930
22,Total,"Q, Human health and social work activities",1861,1921,2046,2206,2336,2534,2369,2619,2682,2721,2750,2772
23,Total,"R, Arts, sports and recreation related services",407,428,445,495,496,467,451,463,481,481,487,486
24,Total,"S, Membership organizations, repair and other personal services",1224,1222,1236,1233,1189,1135,1090,1107,1101,1106,1141,1135
25,Total,"T, Activities of households as employers; undifferentiated goods-and services-producing activities of households for own use",70,64,48,75,98,87,80,76,75,73,76,80
26,Total,"U, Activities of extraterritorial organizations and bodies",16,12,7,12,17,15,15,15,16,13,14,14
27,Male,Total,15241,15368,15372,15463,15381,15548,15494,15621,15805,15933,16113,16109
28,Male,"A, Agriculture, forestry and fishing",744,770,796,830,876,897,820,832,889,935,988,994
29,Male,"*Mining & manufacturing(B,C)",3286,3234,3216,3170,3148,3121,3214,3203,3257,3256,3220,3198
30,Male,"B, Mining and quarrying",17,19,16,12,11,10,11,11,11,11,10,9
31,Male,"C, Manufacturing",3270,3215,3200,3158,3137,3111,3203,3192,3245,3245,3210,3189
32,Male,*S.O.C. & other services(D~U),11211,11365,11360,11462,11358,11530,11460,11587,11659,11742,11905,11917
33,Male,"D, Electricity, gas, steam and air conditioning supply",62,62,62,60,61,57,62,63,60,61,63,60
34,Male,"E, Water supply; sewage, waste management, materials recovery",98,94,105,113,129,139,138,139,136,127,128,119
35,Male,"F, Construction",1718,1808,1824,1817,1808,1875,1830,1810,1870,1875,1941,1942
36,Male,"*Wholesale & retail trade, hotels & restaurants(G,I)",2898,2909,2835,2855,2720,2626,2602,2601,2594,2593,2599,2608
37,Male,"*Business, personal, public service & others(E,L~U)",4320,4397,4403,4497,4498,4611,4530,4652,4723,4766,4815,4806
38,Male,"* Electricity, transport, communication & finance(D,H,J,K)",2276,2252,2297,2293,2332,2418,2498,2523,2472,2508,2551,2560
39,Male,"G, Wholesale and retail trade",2029,2046,2012,1983,1899,1813,1793,1791,1797,1790,1778,1768
40,Male,"H, Transportation and storage",1278,1258,1263,1265,1293,1388,1450,1458,1434,1449,1480,1492
41,Male,"I, Accommodation and food service activities",868,862,823,872,821,814,810,810,797,804,820,841
42,Male,"J, Information and communication",563,562,587,608,621,618,637,654,645,666,670,670
43,Male,"K, Financial and insurance activities",372,370,384,361,358,355,350,349,333,332,339,338
44,Male,"L, Real estate activities",297,330,326,349,320,328,325,341,345,335,351,352
45,Male,"M, Professional, scientific and technical activities",729,728,716,750,754,779,792,793,782,780,796,801
46,Male,"N, Business facilities management and business support services; rental and leasing activities",766,789,758,750,772,803,830,811,822,856,842,818
47,Male,"O, Public administration and defence; compulsory social security",635,665,671,637,635,664,613,656,696,713,716,714
48,Male,"P, Education",621,627,598,619,600,609,623,619,621,610,616,627
49,Male,"Q, Human health and social work activities",350,326,386,404,425,455,398,464,473,494,500,498
50,Male,"R, Arts, sports and recreation related services",225,231,233,259,257,240,228,238,252,259,253,256
51,Male,"S, Membership organizations, repair and other personal services",584,596,605,607,592,580,568,575,578,580,599,608
52,Male,"T, Activities of households as employers; undifferentiated goods-and services-producing activities of households for own use",1,1,1,2,3,3,3,4,4,1,1,1
53,Male,"U, Activities of extraterritorial organizations and bodies",14,10,4,8,12,11,13,13,15,12,13,13
54,Female,Total,11168,11356,11450,11660,11523,11725,11458,11781,11949,12145,12372,12370
55,Female,"A, Agriculture, forestry and fishing",528,509,544,565,570,562,426,444,519,610,681,682
56,Female,"*Mining & manufacturing(B,C)",1316,1355,1313,1273,1241,1258,1266,1260,1268,1275,1296,1310
57,Female,"B, Mining and quarrying",2,4,3,2,2,2,2,2,2,2,2,1
58,Female,"C, Manufacturing",1314,1351,1310,1271,1239,1257,1264,1258,1267,1273,1294,1309
59,Female,*S.O.C. & other services(D~U),9323,9493,9594,9822,9713,9905,9768,10077,10162,10260,10394,10377
60,Female,"D, Electricity, gas, steam and air conditioning supply",14,10,8,8,13,15,16,15,14,16,16,16
61,Female,"E, Water supply; sewage, waste management, materials recovery",15,21,22,22,23,30,35,37,35,30,28,26
62,Female,"F, Construction",151,180,210,202,208,215,225,234,245,248,242,242
63,Female,"*Wholesale & retail trade, hotels & restaurants(G,I)",3147,3174,3130,3111,2927,2825,2826,2829,2820,2860,2915,2883
64,Female,"*Business, personal, public service & others(E,L~U)",5212,5337,5397,5642,5729,5925,5755,6035,6135,6196,6282,6289
65,Female,"* Electricity, transport, communication & finance(D,H,J,K)",813,802,857,867,849,940,961,980,961,957,955,963
66,Female,"G, Wholesale and retail trade",1724,1748,1711,1680,1604,1540,1543,1541,1531,1552,1562,1536
67,Female,"H, Transportation and storage",148,147,144,167,189,198,209,208,200,201,196,202
68,Female,"I, Accommodation and food service activities",1423,1426,1420,1432,1323,1284,1284,1288,1290,1308,1353,1347
69,Female,"J, Information and communication",220,221,250,252,226,283,304,318,313,315,316,322
70,Female,"K, Financial and insurance activities",431,424,456,439,421,445,432,439,435,424,428,424
71,Female,"L, Real estate activities",186,211,202,207,197,203,206,213,207,211,217,219
72,Female,"M, Professional, scientific and technical activities",372,365,380,407,410,440,493,488,486,478,481,474
73,Female,"N, Business facilities management and business support services; rental and leasing activities",624,585,553,562,575,593,596,595,595,604,603,607
74,Female,"O, Public administration and defence; compulsory social security",369,394,439,439,477,479,409,482,511,535,555,549
75,Female,"P, Education",1241,1280,1249,1264,1198,1231,1220,1233,1268,1290,1296,1303
76,Female,"Q, Human health and social work activities",1511,1595,1660,1802,1912,2079,1971,2155,2208,2227,2250,2274
77,Female,"R, Arts, sports and recreation related services",182,197,212,236,239,227,223,225,229,222,235,230
78,Female,"S, Membership organizations, repair and other personal services",640,626,631,626,597,554,522,532,523,526,542,528
79,Female,"T, Activities of households as employers; undifferentiated goods-and services-producing activities of households for own use",69,64,47,72,95,84,78,72,72,72,75,79
80,Female,"U, Activities of extraterritorial organizations and bodies",2,2,3,4,6,4,3,3,1,1,1,1
