Country,Income group,Female share of sector,Gender pay gap,Earnings availability
Algeria,Upper-middle income countries,25,null,N
Argentina,High income countries,22,9,Y
Armenia,Upper-middle income countries,44,12,Y
Australia,High income countries,30,null,N
Austria,High income countries,32,38,Y
Azerbaijan,Upper-middle income countries,59,19,Y
Bahrain,High income countries,19,null,N
Bangladesh,Lower-middle income countries,9,18,Y
Belarus,Upper-middle income countries,41,44,Y
Belgium,High income countries,25,15,Y
Bolivia,Lower-middle income countries,34,15,Y
Bosnia and Herzegovina,Upper-middle income countries,27,13,Y
Brazil,Upper-middle income countries,29,27,Y
Brunei Darussalam,High income countries,47,11,Y
Bulgaria,Upper-middle income countries,37,29,Y
Burundi,Low income countries,32,null,N
Cambodia,Lower-middle income countries,27,63,U
Cape Verde,Lower-middle income countries,37,-25,U
Cayman Islands,High income countries,42,null,N
Chile,High income countries,31,null,N
Costa Rica,Upper-middle income countries,27,21,Y
Côte d'Ivoire,Lower-middle income countries,14,52,U
Croatia,High income countries,34,null,N
Cyprus,High income countries,36,30,Y
Czech Republic,High income countries,24,32,Y
Denmark,High income countries,27,null,N
Dominican Republic,Upper-middle income countries,34,null,N
Ecuador,Upper-middle income countries,38,22,Y
Egypt,Lower-middle income countries,22,-3,Y
El Salvador,Lower-middle income countries,32,21,Y
Estonia,High income countries,32,null,N
Fiji,Upper-middle income countries,27,28,Y
Finland,High income countries,27,15,Y
France,High income countries,31,16,Y
Georgia,Lower-middle income countries,42,26,Y
Germany,High income countries,33,24,Y
Ghana,Lower-middle income countries,11,43,U
Greece,High income countries,38,14,Y
Guatemala,Upper-middle income countries,25,28,Y
Guernsey,High income countries,26,null,N
Guyana,Upper-middle income countries,42,10,Y
Honduras,Lower-middle income countries,31,28,Y
"Hong Kong, China",High income countries,31,11,Y
Hungary,High income countries,24,23,Y
Iceland,High income countries,32,14,Y
Indonesia,Lower-middle income countries,24,-10,Y
"Iran, Islamic Republic of",Upper-middle income countries,21,null,N
Ireland,High income countries,31,null,N
Isle of Man,High income countries,28,42,Y
Israel,High income countries,38,40,Y
Italy,High income countries,29,null,N
Japan,High income countries,26,24,Y
Kazakhstan,Upper-middle income countries,43,7,Y
Kiribati,Lower-middle income countries,41,null,N
"Korea, Republic of",High income countries,30,30,Y
Kosovo,Lower-middle income countries,20,null,N
Kuwait,High income countries,14,null,N
Kyrgyzstan,Lower-middle income countries,40,31,Y
Lao People's Democratic Republic,Lower-middle income countries,44,-27,Y
Latvia,High income countries,40,27,Y
Liechtenstein,High income countries,29,22,Y
Lithuania,High income countries,33,28,Y
Luxembourg,High income countries,28,23,Y
Madagascar,Low income countries,35,null,N
Malaysia,Upper-middle income countries,31,21,Y
Maldives,Upper-middle income countries,29,23,Y
Mali,Low income countries,22,null,N
Malta,High income countries,30,null,N
Mauritius,Upper-middle income countries,40,46,Y
Mexico,Upper-middle income countries,36,14,Y
"Moldova, Republic of",Lower-middle income countries,40,35,Y
Mongolia,Lower-middle income countries,37,17,Y
Montenegro,Upper-middle income countries,53,null,N
Mozambique,Low income countries,20,null,N
Myanmar,Lower-middle income countries,39,9,Y
Namibia,Upper-middle income countries,24,20,Y
Nepal,Low income countries,21,-33,Y
Netherlands,High income countries,24,null,N
New Zealand,High income countries,35,29,Y
North Macedonia,Upper-middle income countries,35,null,N
Norway,High income countries,29,14,Y
Occupied Palestinian Territory,Lower-middle income countries,23,21,Y
Pakistan,Lower-middle income countries,3,-46,U
Panama,High income countries,33,15,Y
Peru,Upper-middle income countries,34,36,Y
Philippines,Lower-middle income countries,35,7,Y
Poland,High income countries,31,null,N
Portugal,High income countries,30,16,Y
Qatar,High income countries,18,25,Y
Romania,Upper-middle income countries,35,14,Y
Russian Federation,Upper-middle income countries,35,21,Y
Rwanda,Low income countries,37,66,Y
Samoa,Upper-middle income countries,45,-12,Y
San Marino,High income countries,34,null,N
Saudi Arabia,High income countries,7,47,Y
Senegal,Low income countries,29,null,N
Serbia,Upper-middle income countries,39,21,Y
Seychelles,High income countries,45,null,N
Singapore,High income countries,39,17,Y
Slovakia,High income countries,22,29,Y
Slovenia,High income countries,29,13,Y
Spain,High income countries,29,null,N
Sri Lanka,Lower-middle income countries,28,26,Y
Suriname,Upper-middle income countries,37,null,N
Sweden,High income countries,27,null,N
Switzerland,High income countries,28,22,Y
"Taiwan, China",High income countries,43,null,N
Thailand,Upper-middle income countries,38,-10,Y
Turkey,Upper-middle income countries,23,null,N
Ukraine,Lower-middle income countries,28,20,Y
United Arab Emirates,High income countries,13,null,N
United Kingdom,High income countries,28,24,Y
United States,High income countries,31,null,N
Uruguay,High income countries,33,18,Y
Viet Nam,Lower-middle income countries,36,9,Y
Zambia,Lower-middle income countries,23,50,U
