Country,STEM occupations (thousands),STEM occupations (% of employment),Female share of STEM occupations,STEM tertiary graduates (thousands),STEM tertiary graduates (% of tiertary graduates),Female share of STEM tertiary graduates
Austria,725,16.8,35.4,253,30.3,25.9
Bangladesh,1101,1.8,25.3,548,11.2,20.6
Bosnia and Herzegovina,73,9.1,41.3,39,21.2,44.5
Brazil,6723,7.4,47,2278,17.7,36.6
Brunei Darussalam,23,11.5,34.7,14,39.2,54.3
Cambodia,113,1.3,51.3,75,15.4,16.7
Czechia,820,15.7,35.9,208,23.9,35.6
Dominican Republic,170,3.9,51.4,69,11.6,40
Ecuador,296,3.8,39.5,241,15.8,29.2
Egypt,1423,5.5,29.1,482,11.2,36.9
El Salvador,106,3.8,42,52,22.3,23.5
Georgia,108,6.4,55.6,57,21.2,43.5
Ghana,247,2.6,37.2,180,16.4,19.8
Greece,394,10.6,40.3,203,29.4,40.1
Guatemala,142,2.1,44.4,33,9.8,34.7
Honduras,118,3,46.1,37,15.2,37.8
Lao People's Democratic Republic,37,2.1,47,72,22.5,29
Madagascar,59,0.5,34.9,65,23,29.6
Maldives,11,8.1,33.1,1,5.1,10.6
Mauritania,44,5.8,40.9,8,30.2,28.9
Mauritius,42,7.8,30.4,19,23.3,36
Mexico,3239,6,38.2,1979,25.2,30.6
Mongolia,95,7.6,52.6,74,25.3,34.1
Mozambique,65,0.7,35.1,23,9.6,29.3
Niger,7,0.2,9.8,44,10.4,18
North Macedonia,74,9.8,50.7,22,20,45.1
Panama,107,6.3,40.5,45,15.4,43.2
Peru,423,8.6,35.4,715,29.6,47.8
Philippines,1525,3.7,47.1,1857,28.7,36.3
Portugal,557,11.7,44.4,224,29.1,37.8
Rwanda,66,2.1,39.4,33,16.3,35.4
Serbia,319,11.3,47.8,128,28.1,42.6
Seychelles,1,7.7,32.5,1,17.2,31.6
Slovakia,302,13.5,38.5,107,21.2,35.2
Thailand,1306,3.4,43.3,1268,27.9,30.1
Turkey,1701,6,33.7,1482,20.2,34.7
United Arab Emirates,814,11.3,15.4,97,27.7,41.5
United Kingdom,4966,15.3,40.1,null,null,null
United States,24001,15.4,47.7,null,null,null
Uruguay,128,7.8,46.7,26,17.5,44
