,year,Broad Field,Narrow Field,Detailed Field,Total,Female Total,Male Total
2,2017,Engineering,Architecture,Architecture Equipment Engineering,23660,4168,19492
3,2017,Engineering,Architecture,Architecture,27913,9132,18781
4,2017,Engineering,Architecture,Landscape Architecture,5300,1844,3456
6,2017,Engineering,Civil engineering and City,Civil Construction Engineering,31298,3755,27543
7,2017,Engineering,Civil engineering and City,Urban Engineering,6411,1709,4702
9,2017,Engineering,Traffic and Transport,Transportation Engineering,3087,388,2699
10,2017,Engineering,Traffic and Transport,Aerial Engineering,11060,1234,9826
11,2017,Engineering,Traffic and Transport,Ocean Engineering,13717,2156,11561
13,2017,Engineering,Machinery and Metal,Mechanical Engineering,70900,5331,65569
14,2017,Engineering,Machinery and Metal,Metallurgical Engineering,556,55,501
15,2017,Engineering,Machinery and Metal,Automobile Engineering,7301,359,6942
17,2017,Engineering,Electrical and electronic,Electrical Engineering,24784,2210,22574
18,2017,Engineering,Electrical and electronic,Electronic Engineering,66006,8468,57538
19,2017,Engineering,Electrical and electronic,Control & Measurement Engineering,4980,528,4452
21,2017,Engineering,Precise and energy,Optical Engineering,5096,1364,3732
22,2017,Engineering,Precise and energy,Energy Engineering,14186,3027,11159
24,2017,Engineering,Materials and Materials,Semiconductor & Ceramic Engineering,2471,282,2189
25,2017,Engineering,Materials and Materials,Textile Engineering,2325,790,1535
26,2017,Engineering,Materials and Materials,New Materials Engineering,28829,7020,21809
27,2017,Engineering,Materials and Materials,Material Engineering,7456,1601,5855
29,2017,Engineering,Computer and Communications,Computer Science & Engineering,77006,16759,60247
30,2017,Engineering,Computer and Communications,Softwares,20084,4134,15950
31,2017,Engineering,Computer and Communications,Information & Communication Engineering,50518,9655,40863
33,2017,Engineering,Industry,Industrial Engineering,23004,5203,17801
35,2017,Engineering,Chemical Engineering,Chemical Engineering,31103,9997,21106
37,2017,Engineering,Other,Mechatronics Engineering,8821,881,7940
38,2017,Engineering,Other,Applied Engineering,17733,3982,13751
39,2017,Engineering,Other,General Engineering,8265,2371,5894
42,2017,Natural Sciences,Agricultural and Forest and Fisheries,Agriculture,9053,3438,5615
43,2017,Natural Sciences,Agricultural and Forest and Fisheries,Fisheries,96,28,68
44,2017,Natural Sciences,Agricultural and Forest and Fisheries,Forest & Horticultural Science,7780,3484,4296
46,2017,Natural Sciences,Biological and chemical and environmental,Life science,51954,22443,29511
47,2017,Natural Sciences,Biological and chemical and environmental,Biology,12791,5328,7463
48,2017,Natural Sciences,Biological and chemical and environmental,Animals & Veterinary Medicine,4488,1774,2714
49,2017,Natural Sciences,Biological and chemical and environmental,Resources,11592,3819,7773
50,2017,Natural Sciences,Biological and chemical and environmental,Chemistry,19212,9360,9852
51,2017,Natural Sciences,Biological and chemical and environmental,Environmental Science,22585,7876,14709
53,2017,Natural Sciences,Life Sciences,Home Management,4935,3543,1392
54,2017,Natural Sciences,Life Sciences,Food & Nutrition,40994,24049,16945
55,2017,Natural Sciences,Life Sciences,Clothing & Dressmaking,8938,6572,2366
56,2017,Natural Sciences,Life Sciences,General Living Science,14917,12908,2009
58,2017,Natural Sciences,Mathematics and physics and astronomy and geography,Mathematics,16849,6045,10804
59,2017,Natural Sciences,Mathematics and physics and astronomy and geography,Statistics,15176,6413,8763
60,2017,Natural Sciences,Mathematics and physics and astronomy and geography,Physics & Science,14191,3147,11044
61,2017,Natural Sciences,Mathematics and physics and astronomy and geography,Astronomy & Meteorological Studies,1934,622,1312
62,2017,Natural Sciences,Mathematics and physics and astronomy and geography,Earth Science & Geography,5370,1727,3643
63,2017,Natural Sciences,Mathematics and physics and astronomy and geography,General Natural Sciences,2865,1061,1804
66,2018,Engineering,Architecture,Architecture Equipment Engineering,23077,4311,18766
67,2018,Engineering,Architecture,Architecture,28002,9403,18599
68,2018,Engineering,Architecture,Landscape Architecture,5062,1785,3277
70,2018,Engineering,Civil engineering and City,Civil Construction Engineering,31358,4199,27159
71,2018,Engineering,Civil engineering and City,Urban Engineering,6546,1779,4767
73,2018,Engineering,Traffic and Transport,Transportation Engineering,3251,428,2823
74,2018,Engineering,Traffic and Transport,Aerial Engineering,12025,1287,10738
75,2018,Engineering,Traffic and Transport,Ocean Engineering,13560,2172,11388
77,2018,Engineering,Machinery and Metal,Mechanical Engineering,71285,5644,65641
78,2018,Engineering,Machinery and Metal,Metallurgical Engineering,542,52,490
79,2018,Engineering,Machinery and Metal,Automobile Engineering,7357,394,6963
81,2018,Engineering,Electrical and electronic,Electrical Engineering,24168,2264,21904
82,2018,Engineering,Electrical and electronic,Electronic Engineering,65959,9073,56886
83,2018,Engineering,Electrical and electronic,Control & Measurement Engineering,5082,594,4488
85,2018,Engineering,Precise and energy,Optical Engineering,4714,1322,3392
86,2018,Engineering,Precise and energy,Energy Engineering,14583,3201,11382
88,2018,Engineering,Materials and Materials,Semiconductor & Ceramic Engineering,2307,245,2062
89,2018,Engineering,Materials and Materials,Textile Engineering,2087,781,1306
90,2018,Engineering,Materials and Materials,New Materials Engineering,28295,7002,21293
91,2018,Engineering,Materials and Materials,Material Engineering,7527,1660,5867
93,2018,Engineering,Computer and Communications,Computer Science & Engineering,78770,17831,60939
94,2018,Engineering,Computer and Communications,Softwares,22665,5157,17508
95,2018,Engineering,Computer and Communications,Information & Communication Engineering,48260,9651,38609
97,2018,Engineering,Industry,Industrial Engineering,22199,5188,17011
99,2018,Engineering,Chemical Engineering,Chemical Engineering,32088,10782,21306
101,2018,Engineering,Other,Mechatronics Engineering,8647,917,7730
102,2018,Engineering,Other,Applied Engineering,18285,4399,13886
103,2018,Engineering,Other,General Engineering,9298,2747,6551
106,2018,Natural Sciences,Agricultural and Forest and Fisheries,Agriculture,9290,3625,5665
107,2018,Natural Sciences,Agricultural and Forest and Fisheries,Fisheries,290,86,204
108,2018,Natural Sciences,Agricultural and Forest and Fisheries,Forest & Horticultural Science,8109,3654,4455
110,2018,Natural Sciences,Biological and chemical and environmental,Life science,52476,22977,29499
111,2018,Natural Sciences,Biological and chemical and environmental,Biology,11953,5016,6937
112,2018,Natural Sciences,Biological and chemical and environmental,Animals & Veterinary Medicine,4600,1947,2653
113,2018,Natural Sciences,Biological and chemical and environmental,Resources,10631,3584,7047
114,2018,Natural Sciences,Biological and chemical and environmental,Chemistry,18619,9114,9505
115,2018,Natural Sciences,Biological and chemical and environmental,Environmental Science,21070,7569,13501
117,2018,Natural Sciences,Life Sciences,Home Management,4830,3497,1333
118,2018,Natural Sciences,Life Sciences,Food & Nutrition,45008,27418,17590
119,2018,Natural Sciences,Life Sciences,Clothing & Dressmaking,9681,7313,2368
120,2018,Natural Sciences,Life Sciences,General Living Science,6408,5015,1393
122,2018,Natural Sciences,Mathematics and physics and astronomy and geography,Mathematics,16090,5699,10391
123,2018,Natural Sciences,Mathematics and physics and astronomy and geography,Statistics,15017,6375,8642
124,2018,Natural Sciences,Mathematics and physics and astronomy and geography,Physics & Science,13676,2999,10677
125,2018,Natural Sciences,Mathematics and physics and astronomy and geography,Astronomy & Meteorological Studies,1838,596,1242
126,2018,Natural Sciences,Mathematics and physics and astronomy and geography,Earth Science & Geography,5141,1711,3430
127,2018,Natural Sciences,Mathematics and physics and astronomy and geography,General Natural Sciences,2671,931,1740
130,2019,Engineering,Architecture,Architecture Equipment Engineering,22582,4363,18219
131,2019,Engineering,Architecture,Architecture,28322,9648,18674
132,2019,Engineering,Architecture,Landscape Architecture,4898,1790,3108
134,2019,Engineering,Civil engineering and City,Civil Construction Engineering,30505,4243,26262
135,2019,Engineering,Civil engineering and City,Urban Engineering,6694,1883,4811
137,2019,Engineering,Traffic and Transport,Transportation Engineering,3383,419,2964
138,2019,Engineering,Traffic and Transport,Aerial Engineering,12743,1242,11501
139,2019,Engineering,Traffic and Transport,Ocean Engineering,12737,2051,10686
141,2019,Engineering,Machinery and Metal,Mechanical Engineering,70411,5757,64654
142,2019,Engineering,Machinery and Metal,Metallurgical Engineering,622,62,560
143,2019,Engineering,Machinery and Metal,Automobile Engineering,8088,448,7640
145,2019,Engineering,Electrical and electronic,Electrical Engineering,24511,2360,22151
146,2019,Engineering,Electrical and electronic,Electronic Engineering,65760,9446,56314
147,2019,Engineering,Electrical and electronic,Control & Measurement Engineering,4875,625,4250
149,2019,Engineering,Precise and energy,Optical Engineering,4437,1322,3115
150,2019,Engineering,Precise and energy,Energy Engineering,14301,3269,11032
152,2019,Engineering,Materials and Materials,Semiconductor & Ceramic Engineering,2418,277,2141
153,2019,Engineering,Materials and Materials,Textile Engineering,2132,798,1334
154,2019,Engineering,Materials and Materials,New Materials Engineering,27593,6884,20709
155,2019,Engineering,Materials and Materials,Material Engineering,7633,1746,5887
157,2019,Engineering,Computer and Communications,Computer Science & Engineering,79616,18956,60660
158,2019,Engineering,Computer and Communications,Softwares,27306,6486,20820
159,2019,Engineering,Computer and Communications,Information & Communication Engineering,45232,9273,35959
161,2019,Engineering,Industry,Industrial Engineering,22117,5225,16892
163,2019,Engineering,Chemical Engineering,Chemical Engineering,32240,11273,20967
165,2019,Engineering,Other,Mechatronics Engineering,8782,927,7855
166,2019,Engineering,Other,Applied Engineering,19446,4844,14602
167,2019,Engineering,Other,General Engineering,9915,2888,7027
170,2019,Natural Sciences,Agricultural and Forest and Fisheries,Agriculture,9940,3933,6007
171,2019,Natural Sciences,Agricultural and Forest and Fisheries,Fisheries,449,117,332
172,2019,Natural Sciences,Agricultural and Forest and Fisheries,Forest & Horticultural Science,8238,3691,4547
174,2019,Natural Sciences,Biological and chemical and environmental,Life science,52258,23342,28916
175,2019,Natural Sciences,Biological and chemical and environmental,Biology,11168,4687,6481
176,2019,Natural Sciences,Biological and chemical and environmental,Animals & Veterinary Medicine,4647,2083,2564
177,2019,Natural Sciences,Biological and chemical and environmental,Resources,10128,3567,6561
178,2019,Natural Sciences,Biological and chemical and environmental,Chemistry,18022,8932,9090
179,2019,Natural Sciences,Biological and chemical and environmental,Environmental Science,20439,7538,12901
181,2019,Natural Sciences,Life Sciences,Home Management,4988,3610,1378
182,2019,Natural Sciences,Life Sciences,Food & Nutrition,44144,26837,17307
183,2019,Natural Sciences,Life Sciences,Clothing & Dressmaking,8878,6694,2184
184,2019,Natural Sciences,Life Sciences,General Living Science,5937,4550,1387
186,2019,Natural Sciences,Mathematics and physics and astronomy and geography,Mathematics,15300,5308,9992
187,2019,Natural Sciences,Mathematics and physics and astronomy and geography,Statistics,15127,6493,8634
188,2019,Natural Sciences,Mathematics and physics and astronomy and geography,Physics & Science,13204,2930,10274
189,2019,Natural Sciences,Mathematics and physics and astronomy and geography,Astronomy & Meteorological Studies,1794,587,1207
190,2019,Natural Sciences,Mathematics and physics and astronomy and geography,Earth Science & Geography,4975,1730,3245
191,2019,Natural Sciences,Mathematics and physics and astronomy and geography,General Natural Sciences,2540,884,1656
192,2020,Engineering,Architecture,Architecture Equipment Engineering,21909,4354,17555
193,2020,Engineering,Architecture,Architecture,28443,9813,18630
194,2020,Engineering,Architecture,Landscape Architecture,4792,1740,3052
196,2020,Engineering,Civil engineering and City,Civil Construction Engineering,29891,4304,25587
197,2020,Engineering,Civil engineering and City,Urban Engineering,6968,1994,4974
199,2020,Engineering,Traffic and Transport,Transportation Engineering,3609,411,3198
200,2020,Engineering,Traffic and Transport,Aerial Engineering,14551,1378,13173
201,2020,Engineering,Traffic and Transport,Ocean Engineering,12278,1988,10290
203,2020,Engineering,Machinery and Metal,Mechanical Engineering,69299,5802,63497
204,2020,Engineering,Machinery and Metal,Metallurgical Engineering,667,84,583
205,2020,Engineering,Machinery and Metal,Automobile Engineering,8620,455,8165
207,2020,Engineering,Electrical and electronic,Electrical Engineering,24352,2399,21953
208,2020,Engineering,Electrical and electronic,Electronic Engineering,65407,9507,55900
209,2020,Engineering,Electrical and electronic,Control & Measurement Engineering,4886,677,4209
211,2020,Engineering,Precise and energy,Optical Engineering,3684,1147,2537
212,2020,Engineering,Precise and energy,Energy Engineering,13870,3335,10535
214,2020,Engineering,Materials and Materials,Semiconductor & Ceramic Engineering,3015,411,2604
215,2020,Engineering,Materials and Materials,Textile Engineering,2112,790,1322
216,2020,Engineering,Materials and Materials,New Materials Engineering,26893,6852,20041
217,2020,Engineering,Materials and Materials,Material Engineering,7701,1747,5954
219,2020,Engineering,Computer and Communications,Computer Science & Engineering,80132,19541,60591
220,2020,Engineering,Computer and Communications,Softwares,31052,7663,23389
221,2020,Engineering,Computer and Communications,Information & Communication Engineering,45788,9533,36255
223,2020,Engineering,Industry,Industrial Engineering,21249,5092,16157
225,2020,Engineering,Chemical Engineering,Chemical Engineering,31798,11495,20303
227,2020,Engineering,Other,Mechatronics Engineering,8822,963,7859
228,2020,Engineering,Other,Applied Engineering,20134,5031,15103
229,2020,Engineering,Other,General Engineering,10022,2912,7110
232,2020,Natural Sciences,Agricultural and Forest and Fisheries,Agriculture,10812,4354,6458
233,2020,Natural Sciences,Agricultural and Forest and Fisheries,Fisheries,313,67,246
234,2020,Natural Sciences,Agricultural and Forest and Fisheries,Forest & Horticultural Science,8413,3773,4640
236,2020,Natural Sciences,Biological and chemical and environmental,Life science,52073,23644,28429
237,2020,Natural Sciences,Biological and chemical and environmental,Biology,10676,4413,6263
238,2020,Natural Sciences,Biological and chemical and environmental,Animals & Veterinary Medicine,4661,2198,2463
239,2020,Natural Sciences,Biological and chemical and environmental,Resources,9709,3498,6211
240,2020,Natural Sciences,Biological and chemical and environmental,Chemistry,17981,9130,8851
241,2020,Natural Sciences,Biological and chemical and environmental,Environmental Science,20169,7508,12661
243,2020,Natural Sciences,Life Sciences,Home Management,4971,3557,1414
244,2020,Natural Sciences,Life Sciences,Food & Nutrition,42873,25888,16985
245,2020,Natural Sciences,Life Sciences,Clothing & Dressmaking,8586,6433,2153
246,2020,Natural Sciences,Life Sciences,General Living Science,5532,4124,1408
248,2020,Natural Sciences,Mathematics and physics and astronomy and geography,Mathematics,14701,4936,9765
249,2020,Natural Sciences,Mathematics and physics and astronomy and geography,Statistics,15188,6434,8754
250,2020,Natural Sciences,Mathematics and physics and astronomy and geography,Physics & Science,12977,2835,10142
251,2020,Natural Sciences,Mathematics and physics and astronomy and geography,Astronomy & Meteorological Studies,1736,553,1183
252,2020,Natural Sciences,Mathematics and physics and astronomy and geography,Earth Science & Geography,4851,1735,3116
253,2020,Natural Sciences,Mathematics and physics and astronomy and geography,General Natural Sciences,2695,1121,1574
