﻿LOCATION,INDICATOR,SUBJECT,MEASURE,FREQUENCY,TIME,Value,Flag Codes
AUS,PISAMATH,BOY,MEANSCORE,A,2003,527,
AUS,PISAMATH,BOY,MEANSCORE,A,2006,527,
AUS,PISAMATH,BOY,MEANSCORE,A,2009,519,
AUS,PISAMATH,BOY,MEANSCORE,A,2012,510.115,
AUS,PISAMATH,BOY,MEANSCORE,A,2015,497,
AUS,PISAMATH,BOY,MEANSCORE,A,2018,494,
AUS,PISAMATH,GIRL,MEANSCORE,A,2003,522,
AUS,PISAMATH,GIRL,MEANSCORE,A,2006,513,
AUS,PISAMATH,GIRL,MEANSCORE,A,2009,509,
AUS,PISAMATH,GIRL,MEANSCORE,A,2012,497.821,
AUS,PISAMATH,GIRL,MEANSCORE,A,2015,491,
AUS,PISAMATH,GIRL,MEANSCORE,A,2018,488,
AUT,PISAMATH,BOY,MEANSCORE,A,2003,509,
AUT,PISAMATH,BOY,MEANSCORE,A,2006,517,
AUT,PISAMATH,BOY,MEANSCORE,A,2012,516.682,
AUT,PISAMATH,BOY,MEANSCORE,A,2015,510,
AUT,PISAMATH,BOY,MEANSCORE,A,2018,505,
AUT,PISAMATH,GIRL,MEANSCORE,A,2003,502,
AUT,PISAMATH,GIRL,MEANSCORE,A,2006,494,
AUT,PISAMATH,GIRL,MEANSCORE,A,2012,494.462,
AUT,PISAMATH,GIRL,MEANSCORE,A,2015,483,
AUT,PISAMATH,GIRL,MEANSCORE,A,2018,492,
BEL,PISAMATH,BOY,MEANSCORE,A,2003,533,
BEL,PISAMATH,BOY,MEANSCORE,A,2006,524,
BEL,PISAMATH,BOY,MEANSCORE,A,2009,526,
BEL,PISAMATH,BOY,MEANSCORE,A,2012,520.081,
BEL,PISAMATH,BOY,MEANSCORE,A,2015,514,
BEL,PISAMATH,BOY,MEANSCORE,A,2018,514,
BEL,PISAMATH,GIRL,MEANSCORE,A,2003,525,
BEL,PISAMATH,GIRL,MEANSCORE,A,2006,517,
BEL,PISAMATH,GIRL,MEANSCORE,A,2009,504,
BEL,PISAMATH,GIRL,MEANSCORE,A,2012,508.935,
BEL,PISAMATH,GIRL,MEANSCORE,A,2015,500,
BEL,PISAMATH,GIRL,MEANSCORE,A,2018,502,
CAN,PISAMATH,BOY,MEANSCORE,A,2003,541,
CAN,PISAMATH,BOY,MEANSCORE,A,2006,534,
CAN,PISAMATH,BOY,MEANSCORE,A,2009,533,
CAN,PISAMATH,BOY,MEANSCORE,A,2012,523.154,
CAN,PISAMATH,BOY,MEANSCORE,A,2015,520,
CAN,PISAMATH,BOY,MEANSCORE,A,2018,514,
CAN,PISAMATH,GIRL,MEANSCORE,A,2003,530,
CAN,PISAMATH,GIRL,MEANSCORE,A,2006,520,
CAN,PISAMATH,GIRL,MEANSCORE,A,2009,521,
CAN,PISAMATH,GIRL,MEANSCORE,A,2012,513.022,
CAN,PISAMATH,GIRL,MEANSCORE,A,2015,511,
CAN,PISAMATH,GIRL,MEANSCORE,A,2018,510,
CZE,PISAMATH,BOY,MEANSCORE,A,2003,524,
CZE,PISAMATH,BOY,MEANSCORE,A,2006,514,
CZE,PISAMATH,BOY,MEANSCORE,A,2009,495,
CZE,PISAMATH,BOY,MEANSCORE,A,2012,504.71,
CZE,PISAMATH,BOY,MEANSCORE,A,2015,496,
CZE,PISAMATH,BOY,MEANSCORE,A,2018,501,
CZE,PISAMATH,GIRL,MEANSCORE,A,2003,509,
CZE,PISAMATH,GIRL,MEANSCORE,A,2006,504,
CZE,PISAMATH,GIRL,MEANSCORE,A,2009,490,
CZE,PISAMATH,GIRL,MEANSCORE,A,2012,492.903,
CZE,PISAMATH,GIRL,MEANSCORE,A,2015,489,
CZE,PISAMATH,GIRL,MEANSCORE,A,2018,498,
DNK,PISAMATH,BOY,MEANSCORE,A,2003,523,
DNK,PISAMATH,BOY,MEANSCORE,A,2006,518,
DNK,PISAMATH,BOY,MEANSCORE,A,2009,511,
DNK,PISAMATH,BOY,MEANSCORE,A,2012,506.953,
DNK,PISAMATH,BOY,MEANSCORE,A,2015,516,
DNK,PISAMATH,BOY,MEANSCORE,A,2018,511,
DNK,PISAMATH,GIRL,MEANSCORE,A,2003,506,
DNK,PISAMATH,GIRL,MEANSCORE,A,2006,508,
DNK,PISAMATH,GIRL,MEANSCORE,A,2009,495,
DNK,PISAMATH,GIRL,MEANSCORE,A,2012,493.029,
DNK,PISAMATH,GIRL,MEANSCORE,A,2015,506,
DNK,PISAMATH,GIRL,MEANSCORE,A,2018,507,
FIN,PISAMATH,BOY,MEANSCORE,A,2003,548,
FIN,PISAMATH,BOY,MEANSCORE,A,2006,554,
FIN,PISAMATH,BOY,MEANSCORE,A,2009,542,
FIN,PISAMATH,BOY,MEANSCORE,A,2012,517.391,
FIN,PISAMATH,BOY,MEANSCORE,A,2015,507,
FIN,PISAMATH,BOY,MEANSCORE,A,2018,504,
FIN,PISAMATH,GIRL,MEANSCORE,A,2003,541,
FIN,PISAMATH,GIRL,MEANSCORE,A,2006,543,
FIN,PISAMATH,GIRL,MEANSCORE,A,2009,539,
FIN,PISAMATH,GIRL,MEANSCORE,A,2012,520.185,
FIN,PISAMATH,GIRL,MEANSCORE,A,2015,515,
FIN,PISAMATH,GIRL,MEANSCORE,A,2018,510,
FRA,PISAMATH,BOY,MEANSCORE,A,2003,515,
FRA,PISAMATH,BOY,MEANSCORE,A,2006,499,
FRA,PISAMATH,BOY,MEANSCORE,A,2009,505,
FRA,PISAMATH,BOY,MEANSCORE,A,2012,499.355,
FRA,PISAMATH,BOY,MEANSCORE,A,2015,496,
FRA,PISAMATH,BOY,MEANSCORE,A,2018,499,
FRA,PISAMATH,GIRL,MEANSCORE,A,2003,507,
FRA,PISAMATH,GIRL,MEANSCORE,A,2006,492,
FRA,PISAMATH,GIRL,MEANSCORE,A,2009,489,
FRA,PISAMATH,GIRL,MEANSCORE,A,2012,490.853,
FRA,PISAMATH,GIRL,MEANSCORE,A,2015,490,
FRA,PISAMATH,GIRL,MEANSCORE,A,2018,492,
DEU,PISAMATH,BOY,MEANSCORE,A,2003,508,
DEU,PISAMATH,BOY,MEANSCORE,A,2006,513,
DEU,PISAMATH,BOY,MEANSCORE,A,2009,520,
DEU,PISAMATH,BOY,MEANSCORE,A,2012,520.19,
DEU,PISAMATH,BOY,MEANSCORE,A,2015,514,
DEU,PISAMATH,BOY,MEANSCORE,A,2018,503,
DEU,PISAMATH,GIRL,MEANSCORE,A,2003,499,
DEU,PISAMATH,GIRL,MEANSCORE,A,2006,494,
DEU,PISAMATH,GIRL,MEANSCORE,A,2009,505,
DEU,PISAMATH,GIRL,MEANSCORE,A,2012,506.625,
DEU,PISAMATH,GIRL,MEANSCORE,A,2015,498,
DEU,PISAMATH,GIRL,MEANSCORE,A,2018,496,
GRC,PISAMATH,BOY,MEANSCORE,A,2003,455,
GRC,PISAMATH,BOY,MEANSCORE,A,2006,462,
GRC,PISAMATH,BOY,MEANSCORE,A,2009,473,
GRC,PISAMATH,BOY,MEANSCORE,A,2012,457.039,
GRC,PISAMATH,BOY,MEANSCORE,A,2015,454,
GRC,PISAMATH,BOY,MEANSCORE,A,2018,452,
GRC,PISAMATH,GIRL,MEANSCORE,A,2003,436,
GRC,PISAMATH,GIRL,MEANSCORE,A,2006,457,
GRC,PISAMATH,GIRL,MEANSCORE,A,2009,459,
GRC,PISAMATH,GIRL,MEANSCORE,A,2012,448.984,
GRC,PISAMATH,GIRL,MEANSCORE,A,2015,454,
GRC,PISAMATH,GIRL,MEANSCORE,A,2018,451,
HUN,PISAMATH,BOY,MEANSCORE,A,2003,494,
HUN,PISAMATH,BOY,MEANSCORE,A,2006,496,
HUN,PISAMATH,BOY,MEANSCORE,A,2009,496,
HUN,PISAMATH,BOY,MEANSCORE,A,2012,481.749,
HUN,PISAMATH,BOY,MEANSCORE,A,2015,481,
HUN,PISAMATH,BOY,MEANSCORE,A,2018,486,
HUN,PISAMATH,GIRL,MEANSCORE,A,2003,486,
HUN,PISAMATH,GIRL,MEANSCORE,A,2006,486,
HUN,PISAMATH,GIRL,MEANSCORE,A,2009,484,
HUN,PISAMATH,GIRL,MEANSCORE,A,2012,472.664,
HUN,PISAMATH,GIRL,MEANSCORE,A,2015,473,
HUN,PISAMATH,GIRL,MEANSCORE,A,2018,477,
ISL,PISAMATH,BOY,MEANSCORE,A,2003,508,
ISL,PISAMATH,BOY,MEANSCORE,A,2006,503,
ISL,PISAMATH,BOY,MEANSCORE,A,2009,508,
ISL,PISAMATH,BOY,MEANSCORE,A,2012,489.72,
ISL,PISAMATH,BOY,MEANSCORE,A,2015,487,
ISL,PISAMATH,BOY,MEANSCORE,A,2018,490,
ISL,PISAMATH,GIRL,MEANSCORE,A,2003,523,
ISL,PISAMATH,GIRL,MEANSCORE,A,2006,508,
ISL,PISAMATH,GIRL,MEANSCORE,A,2009,505,
ISL,PISAMATH,GIRL,MEANSCORE,A,2012,495.947,
ISL,PISAMATH,GIRL,MEANSCORE,A,2015,489,
ISL,PISAMATH,GIRL,MEANSCORE,A,2018,500,
IRL,PISAMATH,BOY,MEANSCORE,A,2003,510,
IRL,PISAMATH,BOY,MEANSCORE,A,2006,507,
IRL,PISAMATH,BOY,MEANSCORE,A,2009,491,
IRL,PISAMATH,BOY,MEANSCORE,A,2012,509.035,
IRL,PISAMATH,BOY,MEANSCORE,A,2015,512,
IRL,PISAMATH,BOY,MEANSCORE,A,2018,503,
IRL,PISAMATH,GIRL,MEANSCORE,A,2003,495,
IRL,PISAMATH,GIRL,MEANSCORE,A,2006,496,
IRL,PISAMATH,GIRL,MEANSCORE,A,2009,483,
IRL,PISAMATH,GIRL,MEANSCORE,A,2012,493.705,
IRL,PISAMATH,GIRL,MEANSCORE,A,2015,495,
IRL,PISAMATH,GIRL,MEANSCORE,A,2018,497,
ITA,PISAMATH,BOY,MEANSCORE,A,2003,475,
ITA,PISAMATH,BOY,MEANSCORE,A,2006,470,
ITA,PISAMATH,BOY,MEANSCORE,A,2009,490,
ITA,PISAMATH,BOY,MEANSCORE,A,2012,494.199,
ITA,PISAMATH,BOY,MEANSCORE,A,2015,500,
ITA,PISAMATH,BOY,MEANSCORE,A,2018,494,
ITA,PISAMATH,GIRL,MEANSCORE,A,2003,457,
ITA,PISAMATH,GIRL,MEANSCORE,A,2006,453,
ITA,PISAMATH,GIRL,MEANSCORE,A,2009,475,
ITA,PISAMATH,GIRL,MEANSCORE,A,2012,475.794,
ITA,PISAMATH,GIRL,MEANSCORE,A,2015,480,
ITA,PISAMATH,GIRL,MEANSCORE,A,2018,479,
JPN,PISAMATH,BOY,MEANSCORE,A,2003,539,
JPN,PISAMATH,BOY,MEANSCORE,A,2006,533,
JPN,PISAMATH,BOY,MEANSCORE,A,2009,534,
JPN,PISAMATH,BOY,MEANSCORE,A,2012,544.884,
JPN,PISAMATH,BOY,MEANSCORE,A,2015,539,
JPN,PISAMATH,BOY,MEANSCORE,A,2018,532,
JPN,PISAMATH,GIRL,MEANSCORE,A,2003,530,
JPN,PISAMATH,GIRL,MEANSCORE,A,2006,513,
JPN,PISAMATH,GIRL,MEANSCORE,A,2009,524,
JPN,PISAMATH,GIRL,MEANSCORE,A,2012,527.011,
JPN,PISAMATH,GIRL,MEANSCORE,A,2015,525,
JPN,PISAMATH,GIRL,MEANSCORE,A,2018,522,
KOR,PISAMATH,BOY,MEANSCORE,A,2003,552,
KOR,PISAMATH,BOY,MEANSCORE,A,2006,552,
KOR,PISAMATH,BOY,MEANSCORE,A,2009,548,
KOR,PISAMATH,BOY,MEANSCORE,A,2012,562.114,
KOR,PISAMATH,BOY,MEANSCORE,A,2015,521,
KOR,PISAMATH,BOY,MEANSCORE,A,2018,528,
KOR,PISAMATH,GIRL,MEANSCORE,A,2003,528,
KOR,PISAMATH,GIRL,MEANSCORE,A,2006,543,
KOR,PISAMATH,GIRL,MEANSCORE,A,2009,544,
KOR,PISAMATH,GIRL,MEANSCORE,A,2012,544.193,
KOR,PISAMATH,GIRL,MEANSCORE,A,2015,528,
KOR,PISAMATH,GIRL,MEANSCORE,A,2018,524,
LUX,PISAMATH,BOY,MEANSCORE,A,2003,502,
LUX,PISAMATH,BOY,MEANSCORE,A,2006,498,
LUX,PISAMATH,BOY,MEANSCORE,A,2009,499,
LUX,PISAMATH,BOY,MEANSCORE,A,2012,502.193,
LUX,PISAMATH,BOY,MEANSCORE,A,2015,491,
LUX,PISAMATH,BOY,MEANSCORE,A,2018,487,
LUX,PISAMATH,GIRL,MEANSCORE,A,2003,485,
LUX,PISAMATH,GIRL,MEANSCORE,A,2006,482,
LUX,PISAMATH,GIRL,MEANSCORE,A,2009,479,
LUX,PISAMATH,GIRL,MEANSCORE,A,2012,477.117,
LUX,PISAMATH,GIRL,MEANSCORE,A,2015,480,
LUX,PISAMATH,GIRL,MEANSCORE,A,2018,480,
MEX,PISAMATH,BOY,MEANSCORE,A,2003,391,
MEX,PISAMATH,BOY,MEANSCORE,A,2006,410,
MEX,PISAMATH,BOY,MEANSCORE,A,2009,425,
MEX,PISAMATH,BOY,MEANSCORE,A,2012,420.411,
MEX,PISAMATH,BOY,MEANSCORE,A,2015,412,
MEX,PISAMATH,BOY,MEANSCORE,A,2018,415,
MEX,PISAMATH,GIRL,MEANSCORE,A,2003,380,
MEX,PISAMATH,GIRL,MEANSCORE,A,2006,401,
MEX,PISAMATH,GIRL,MEANSCORE,A,2009,412,
MEX,PISAMATH,GIRL,MEANSCORE,A,2012,406.427,
MEX,PISAMATH,GIRL,MEANSCORE,A,2015,404,
MEX,PISAMATH,GIRL,MEANSCORE,A,2018,403,
NLD,PISAMATH,BOY,MEANSCORE,A,2003,540,
NLD,PISAMATH,BOY,MEANSCORE,A,2006,537,
NLD,PISAMATH,BOY,MEANSCORE,A,2009,534,
NLD,PISAMATH,BOY,MEANSCORE,A,2012,527.967,
NLD,PISAMATH,BOY,MEANSCORE,A,2015,513,
NLD,PISAMATH,BOY,MEANSCORE,A,2018,520,
NLD,PISAMATH,GIRL,MEANSCORE,A,2003,535,
NLD,PISAMATH,GIRL,MEANSCORE,A,2006,524,
NLD,PISAMATH,GIRL,MEANSCORE,A,2009,517,
NLD,PISAMATH,GIRL,MEANSCORE,A,2012,517.738,
NLD,PISAMATH,GIRL,MEANSCORE,A,2015,511,
NLD,PISAMATH,GIRL,MEANSCORE,A,2018,519,
NZL,PISAMATH,BOY,MEANSCORE,A,2003,531,
NZL,PISAMATH,BOY,MEANSCORE,A,2006,527,
NZL,PISAMATH,BOY,MEANSCORE,A,2009,523,
NZL,PISAMATH,BOY,MEANSCORE,A,2012,507.112,
NZL,PISAMATH,BOY,MEANSCORE,A,2015,499,
NZL,PISAMATH,BOY,MEANSCORE,A,2018,499,
NZL,PISAMATH,GIRL,MEANSCORE,A,2003,516,
NZL,PISAMATH,GIRL,MEANSCORE,A,2006,517,
NZL,PISAMATH,GIRL,MEANSCORE,A,2009,515,
NZL,PISAMATH,GIRL,MEANSCORE,A,2012,492.057,
NZL,PISAMATH,GIRL,MEANSCORE,A,2015,491,
NZL,PISAMATH,GIRL,MEANSCORE,A,2018,490,
NOR,PISAMATH,BOY,MEANSCORE,A,2003,498,
NOR,PISAMATH,BOY,MEANSCORE,A,2006,493,
NOR,PISAMATH,BOY,MEANSCORE,A,2009,500,
NOR,PISAMATH,BOY,MEANSCORE,A,2012,490.399,
NOR,PISAMATH,BOY,MEANSCORE,A,2015,501,
NOR,PISAMATH,BOY,MEANSCORE,A,2018,497,
NOR,PISAMATH,GIRL,MEANSCORE,A,2003,492,
NOR,PISAMATH,GIRL,MEANSCORE,A,2006,487,
NOR,PISAMATH,GIRL,MEANSCORE,A,2009,495,
NOR,PISAMATH,GIRL,MEANSCORE,A,2012,488.293,
NOR,PISAMATH,GIRL,MEANSCORE,A,2015,503,
NOR,PISAMATH,GIRL,MEANSCORE,A,2018,505,
POL,PISAMATH,BOY,MEANSCORE,A,2003,493,
POL,PISAMATH,BOY,MEANSCORE,A,2006,500,
POL,PISAMATH,BOY,MEANSCORE,A,2009,497,
POL,PISAMATH,BOY,MEANSCORE,A,2012,519.564,
POL,PISAMATH,BOY,MEANSCORE,A,2015,510,
POL,PISAMATH,BOY,MEANSCORE,A,2018,516,
POL,PISAMATH,GIRL,MEANSCORE,A,2003,487,
POL,PISAMATH,GIRL,MEANSCORE,A,2006,491,
POL,PISAMATH,GIRL,MEANSCORE,A,2009,493,
POL,PISAMATH,GIRL,MEANSCORE,A,2012,515.533,
POL,PISAMATH,GIRL,MEANSCORE,A,2015,499,
POL,PISAMATH,GIRL,MEANSCORE,A,2018,515,
PRT,PISAMATH,BOY,MEANSCORE,A,2003,472,
PRT,PISAMATH,BOY,MEANSCORE,A,2006,474,
PRT,PISAMATH,BOY,MEANSCORE,A,2009,493,
PRT,PISAMATH,BOY,MEANSCORE,A,2012,492.703,
PRT,PISAMATH,BOY,MEANSCORE,A,2015,497,
PRT,PISAMATH,BOY,MEANSCORE,A,2018,497,
PRT,PISAMATH,GIRL,MEANSCORE,A,2003,460,
PRT,PISAMATH,GIRL,MEANSCORE,A,2006,459,
PRT,PISAMATH,GIRL,MEANSCORE,A,2009,481,
PRT,PISAMATH,GIRL,MEANSCORE,A,2012,481.296,
PRT,PISAMATH,GIRL,MEANSCORE,A,2015,487,
PRT,PISAMATH,GIRL,MEANSCORE,A,2018,488,
SVK,PISAMATH,BOY,MEANSCORE,A,2003,507,
SVK,PISAMATH,BOY,MEANSCORE,A,2006,499,
SVK,PISAMATH,BOY,MEANSCORE,A,2009,498,
SVK,PISAMATH,BOY,MEANSCORE,A,2012,486.134,
SVK,PISAMATH,BOY,MEANSCORE,A,2015,478,
SVK,PISAMATH,BOY,MEANSCORE,A,2018,488,
SVK,PISAMATH,GIRL,MEANSCORE,A,2003,489,
SVK,PISAMATH,GIRL,MEANSCORE,A,2006,485,
SVK,PISAMATH,GIRL,MEANSCORE,A,2009,495,
SVK,PISAMATH,GIRL,MEANSCORE,A,2012,476.712,
SVK,PISAMATH,GIRL,MEANSCORE,A,2015,472,
SVK,PISAMATH,GIRL,MEANSCORE,A,2018,484,
ESP,PISAMATH,BOY,MEANSCORE,A,2003,490,
ESP,PISAMATH,BOY,MEANSCORE,A,2006,484,
ESP,PISAMATH,BOY,MEANSCORE,A,2009,493,
ESP,PISAMATH,BOY,MEANSCORE,A,2012,492.422,
ESP,PISAMATH,BOY,MEANSCORE,A,2015,494,
ESP,PISAMATH,BOY,MEANSCORE,A,2018,485,
ESP,PISAMATH,GIRL,MEANSCORE,A,2003,481,
ESP,PISAMATH,GIRL,MEANSCORE,A,2006,476,
ESP,PISAMATH,GIRL,MEANSCORE,A,2009,474,
ESP,PISAMATH,GIRL,MEANSCORE,A,2012,475.965,
ESP,PISAMATH,GIRL,MEANSCORE,A,2015,478,
ESP,PISAMATH,GIRL,MEANSCORE,A,2018,478,
SWE,PISAMATH,BOY,MEANSCORE,A,2003,512,
SWE,PISAMATH,BOY,MEANSCORE,A,2006,505,
SWE,PISAMATH,BOY,MEANSCORE,A,2009,493,
SWE,PISAMATH,BOY,MEANSCORE,A,2012,476.916,
SWE,PISAMATH,BOY,MEANSCORE,A,2015,493,
SWE,PISAMATH,BOY,MEANSCORE,A,2018,502,
SWE,PISAMATH,GIRL,MEANSCORE,A,2003,506,
SWE,PISAMATH,GIRL,MEANSCORE,A,2006,500,
SWE,PISAMATH,GIRL,MEANSCORE,A,2009,495,
SWE,PISAMATH,GIRL,MEANSCORE,A,2012,479.629,
SWE,PISAMATH,GIRL,MEANSCORE,A,2015,495,
SWE,PISAMATH,GIRL,MEANSCORE,A,2018,503,
CHE,PISAMATH,BOY,MEANSCORE,A,2003,535,
CHE,PISAMATH,BOY,MEANSCORE,A,2006,536,
CHE,PISAMATH,BOY,MEANSCORE,A,2009,544,
CHE,PISAMATH,BOY,MEANSCORE,A,2012,537.369,
CHE,PISAMATH,BOY,MEANSCORE,A,2015,527,
CHE,PISAMATH,BOY,MEANSCORE,A,2018,519,
CHE,PISAMATH,GIRL,MEANSCORE,A,2003,518,
CHE,PISAMATH,GIRL,MEANSCORE,A,2006,523,
CHE,PISAMATH,GIRL,MEANSCORE,A,2009,524,
CHE,PISAMATH,GIRL,MEANSCORE,A,2012,524.473,
CHE,PISAMATH,GIRL,MEANSCORE,A,2015,515,
CHE,PISAMATH,GIRL,MEANSCORE,A,2018,512,
TUR,PISAMATH,BOY,MEANSCORE,A,2003,430,
TUR,PISAMATH,BOY,MEANSCORE,A,2006,427,
TUR,PISAMATH,BOY,MEANSCORE,A,2009,451,
TUR,PISAMATH,BOY,MEANSCORE,A,2012,451.934,
TUR,PISAMATH,BOY,MEANSCORE,A,2015,423,
TUR,PISAMATH,BOY,MEANSCORE,A,2018,456,
TUR,PISAMATH,GIRL,MEANSCORE,A,2003,415,
TUR,PISAMATH,GIRL,MEANSCORE,A,2006,421,
TUR,PISAMATH,GIRL,MEANSCORE,A,2009,440,
TUR,PISAMATH,GIRL,MEANSCORE,A,2012,443.948,
TUR,PISAMATH,GIRL,MEANSCORE,A,2015,418,
TUR,PISAMATH,GIRL,MEANSCORE,A,2018,451,
GBR,PISAMATH,BOY,MEANSCORE,A,2006,504,
GBR,PISAMATH,BOY,MEANSCORE,A,2009,503,
GBR,PISAMATH,BOY,MEANSCORE,A,2012,500.295,
GBR,PISAMATH,BOY,MEANSCORE,A,2015,498,
GBR,PISAMATH,BOY,MEANSCORE,A,2018,508,
GBR,PISAMATH,GIRL,MEANSCORE,A,2006,487,
GBR,PISAMATH,GIRL,MEANSCORE,A,2009,482,
GBR,PISAMATH,GIRL,MEANSCORE,A,2012,487.815,
GBR,PISAMATH,GIRL,MEANSCORE,A,2015,487,
GBR,PISAMATH,GIRL,MEANSCORE,A,2018,496,
USA,PISAMATH,BOY,MEANSCORE,A,2003,486,
USA,PISAMATH,BOY,MEANSCORE,A,2006,479,
USA,PISAMATH,BOY,MEANSCORE,A,2009,497,
USA,PISAMATH,BOY,MEANSCORE,A,2012,483.647,
USA,PISAMATH,BOY,MEANSCORE,A,2015,474,
USA,PISAMATH,BOY,MEANSCORE,A,2018,482,
USA,PISAMATH,GIRL,MEANSCORE,A,2003,480,
USA,PISAMATH,GIRL,MEANSCORE,A,2006,470,
USA,PISAMATH,GIRL,MEANSCORE,A,2009,477,
USA,PISAMATH,GIRL,MEANSCORE,A,2012,478.995,
USA,PISAMATH,GIRL,MEANSCORE,A,2015,465,
USA,PISAMATH,GIRL,MEANSCORE,A,2018,474,
BRA,PISAMATH,BOY,MEANSCORE,A,2003,365,
BRA,PISAMATH,BOY,MEANSCORE,A,2006,380,
BRA,PISAMATH,BOY,MEANSCORE,A,2009,394,
BRA,PISAMATH,BOY,MEANSCORE,A,2012,400.769,
BRA,PISAMATH,BOY,MEANSCORE,A,2015,385,
BRA,PISAMATH,BOY,MEANSCORE,A,2018,388,
BRA,PISAMATH,GIRL,MEANSCORE,A,2003,348,
BRA,PISAMATH,GIRL,MEANSCORE,A,2006,361,
BRA,PISAMATH,GIRL,MEANSCORE,A,2009,379,
BRA,PISAMATH,GIRL,MEANSCORE,A,2012,382.925,
BRA,PISAMATH,GIRL,MEANSCORE,A,2015,370,
BRA,PISAMATH,GIRL,MEANSCORE,A,2018,379,
CHL,PISAMATH,BOY,MEANSCORE,A,2006,424,
CHL,PISAMATH,BOY,MEANSCORE,A,2009,431,
CHL,PISAMATH,BOY,MEANSCORE,A,2012,435.525,
CHL,PISAMATH,BOY,MEANSCORE,A,2015,432,
CHL,PISAMATH,BOY,MEANSCORE,A,2018,421,
CHL,PISAMATH,GIRL,MEANSCORE,A,2006,396,
CHL,PISAMATH,GIRL,MEANSCORE,A,2009,410,
CHL,PISAMATH,GIRL,MEANSCORE,A,2012,410.543,
CHL,PISAMATH,GIRL,MEANSCORE,A,2015,413,
CHL,PISAMATH,GIRL,MEANSCORE,A,2018,414,
EST,PISAMATH,BOY,MEANSCORE,A,2006,515,
EST,PISAMATH,BOY,MEANSCORE,A,2009,516,
EST,PISAMATH,BOY,MEANSCORE,A,2012,523.214,
EST,PISAMATH,BOY,MEANSCORE,A,2015,522,
EST,PISAMATH,BOY,MEANSCORE,A,2018,528,
EST,PISAMATH,GIRL,MEANSCORE,A,2006,514,
EST,PISAMATH,GIRL,MEANSCORE,A,2009,508,
EST,PISAMATH,GIRL,MEANSCORE,A,2012,517.93,
EST,PISAMATH,GIRL,MEANSCORE,A,2015,517,
EST,PISAMATH,GIRL,MEANSCORE,A,2018,519,
IDN,PISAMATH,BOY,MEANSCORE,A,2003,362,
IDN,PISAMATH,BOY,MEANSCORE,A,2006,399,
IDN,PISAMATH,BOY,MEANSCORE,A,2009,371,
IDN,PISAMATH,BOY,MEANSCORE,A,2012,377.376,
IDN,PISAMATH,BOY,MEANSCORE,A,2015,385,
IDN,PISAMATH,BOY,MEANSCORE,A,2018,374,
IDN,PISAMATH,GIRL,MEANSCORE,A,2003,358,
IDN,PISAMATH,GIRL,MEANSCORE,A,2006,382,
IDN,PISAMATH,GIRL,MEANSCORE,A,2009,372,
IDN,PISAMATH,GIRL,MEANSCORE,A,2012,372.785,
IDN,PISAMATH,GIRL,MEANSCORE,A,2015,387,
IDN,PISAMATH,GIRL,MEANSCORE,A,2018,383,
ISR,PISAMATH,BOY,MEANSCORE,A,2006,448,
ISR,PISAMATH,BOY,MEANSCORE,A,2009,451,
ISR,PISAMATH,BOY,MEANSCORE,A,2012,472.398,
ISR,PISAMATH,BOY,MEANSCORE,A,2015,474,
ISR,PISAMATH,BOY,MEANSCORE,A,2018,458,
ISR,PISAMATH,GIRL,MEANSCORE,A,2006,436,
ISR,PISAMATH,GIRL,MEANSCORE,A,2009,443,
ISR,PISAMATH,GIRL,MEANSCORE,A,2012,460.749,
ISR,PISAMATH,GIRL,MEANSCORE,A,2015,466,
ISR,PISAMATH,GIRL,MEANSCORE,A,2018,467,
RUS,PISAMATH,BOY,MEANSCORE,A,2003,473,
RUS,PISAMATH,BOY,MEANSCORE,A,2009,469,
RUS,PISAMATH,BOY,MEANSCORE,A,2012,481.394,
RUS,PISAMATH,BOY,MEANSCORE,A,2015,497,
RUS,PISAMATH,BOY,MEANSCORE,A,2018,490,
RUS,PISAMATH,GIRL,MEANSCORE,A,2003,463,
RUS,PISAMATH,GIRL,MEANSCORE,A,2009,467,
RUS,PISAMATH,GIRL,MEANSCORE,A,2012,482.944,
RUS,PISAMATH,GIRL,MEANSCORE,A,2015,491,
RUS,PISAMATH,GIRL,MEANSCORE,A,2018,485,
SVN,PISAMATH,BOY,MEANSCORE,A,2006,507,
SVN,PISAMATH,BOY,MEANSCORE,A,2009,502,
SVN,PISAMATH,BOY,MEANSCORE,A,2012,502.748,
SVN,PISAMATH,BOY,MEANSCORE,A,2015,512,
SVN,PISAMATH,BOY,MEANSCORE,A,2018,509,
SVN,PISAMATH,GIRL,MEANSCORE,A,2006,502,
SVN,PISAMATH,GIRL,MEANSCORE,A,2009,501,
SVN,PISAMATH,GIRL,MEANSCORE,A,2012,499.387,
SVN,PISAMATH,GIRL,MEANSCORE,A,2015,508,
SVN,PISAMATH,GIRL,MEANSCORE,A,2018,509,
OAVG,PISAMATH,BOY,MEANSCORE,A,2003,505.333,
OAVG,PISAMATH,BOY,MEANSCORE,A,2006,499.706,
OAVG,PISAMATH,BOY,MEANSCORE,A,2009,501.382,
OAVG,PISAMATH,BOY,MEANSCORE,A,2012,499.421,
OAVG,PISAMATH,BOY,MEANSCORE,A,2015,494,
OAVG,PISAMATH,BOY,MEANSCORE,A,2018,492,
OAVG,PISAMATH,GIRL,MEANSCORE,A,2003,494.833,
OAVG,PISAMATH,GIRL,MEANSCORE,A,2006,488.588,
OAVG,PISAMATH,GIRL,MEANSCORE,A,2009,489.794,
OAVG,PISAMATH,GIRL,MEANSCORE,A,2012,488.551,
OAVG,PISAMATH,GIRL,MEANSCORE,A,2015,486,
OAVG,PISAMATH,GIRL,MEANSCORE,A,2018,487,
LVA,PISAMATH,BOY,MEANSCORE,A,2015,481,
LVA,PISAMATH,BOY,MEANSCORE,A,2018,500,
LVA,PISAMATH,GIRL,MEANSCORE,A,2015,483,
LVA,PISAMATH,GIRL,MEANSCORE,A,2018,493,
AUS,PISAMATH,TOT,MEANSCORE,A,2003,524,
AUS,PISAMATH,TOT,MEANSCORE,A,2006,520,
AUS,PISAMATH,TOT,MEANSCORE,A,2009,514,
AUS,PISAMATH,TOT,MEANSCORE,A,2012,504,
AUS,PISAMATH,TOT,MEANSCORE,A,2015,494,
AUS,PISAMATH,TOT,MEANSCORE,A,2018,491,
AUT,PISAMATH,TOT,MEANSCORE,A,2003,506,
AUT,PISAMATH,TOT,MEANSCORE,A,2006,505,
AUT,PISAMATH,TOT,MEANSCORE,A,2012,506,
AUT,PISAMATH,TOT,MEANSCORE,A,2015,497,
AUT,PISAMATH,TOT,MEANSCORE,A,2018,499,
BEL,PISAMATH,TOT,MEANSCORE,A,2003,529,
BEL,PISAMATH,TOT,MEANSCORE,A,2006,520,
BEL,PISAMATH,TOT,MEANSCORE,A,2009,515,
BEL,PISAMATH,TOT,MEANSCORE,A,2012,515,
BEL,PISAMATH,TOT,MEANSCORE,A,2015,507,
BEL,PISAMATH,TOT,MEANSCORE,A,2018,508,
CAN,PISAMATH,TOT,MEANSCORE,A,2003,532,
CAN,PISAMATH,TOT,MEANSCORE,A,2006,527,
CAN,PISAMATH,TOT,MEANSCORE,A,2009,527,
CAN,PISAMATH,TOT,MEANSCORE,A,2012,518,
CAN,PISAMATH,TOT,MEANSCORE,A,2015,516,
CAN,PISAMATH,TOT,MEANSCORE,A,2018,512,
CZE,PISAMATH,TOT,MEANSCORE,A,2003,516,
CZE,PISAMATH,TOT,MEANSCORE,A,2006,510,
CZE,PISAMATH,TOT,MEANSCORE,A,2009,493,
CZE,PISAMATH,TOT,MEANSCORE,A,2012,499,
CZE,PISAMATH,TOT,MEANSCORE,A,2015,492,
CZE,PISAMATH,TOT,MEANSCORE,A,2018,499,
DNK,PISAMATH,TOT,MEANSCORE,A,2003,514,
DNK,PISAMATH,TOT,MEANSCORE,A,2006,513,
DNK,PISAMATH,TOT,MEANSCORE,A,2009,503,
DNK,PISAMATH,TOT,MEANSCORE,A,2012,500,
DNK,PISAMATH,TOT,MEANSCORE,A,2015,511,
DNK,PISAMATH,TOT,MEANSCORE,A,2018,509,
FIN,PISAMATH,TOT,MEANSCORE,A,2003,544,
FIN,PISAMATH,TOT,MEANSCORE,A,2006,548,
FIN,PISAMATH,TOT,MEANSCORE,A,2009,541,
FIN,PISAMATH,TOT,MEANSCORE,A,2012,519,
FIN,PISAMATH,TOT,MEANSCORE,A,2015,511,
FIN,PISAMATH,TOT,MEANSCORE,A,2018,507,
FRA,PISAMATH,TOT,MEANSCORE,A,2003,511,
FRA,PISAMATH,TOT,MEANSCORE,A,2006,496,
FRA,PISAMATH,TOT,MEANSCORE,A,2009,497,
FRA,PISAMATH,TOT,MEANSCORE,A,2012,495,
FRA,PISAMATH,TOT,MEANSCORE,A,2015,493,
FRA,PISAMATH,TOT,MEANSCORE,A,2018,495,
DEU,PISAMATH,TOT,MEANSCORE,A,2003,503,
DEU,PISAMATH,TOT,MEANSCORE,A,2006,504,
DEU,PISAMATH,TOT,MEANSCORE,A,2009,513,
DEU,PISAMATH,TOT,MEANSCORE,A,2012,514,
DEU,PISAMATH,TOT,MEANSCORE,A,2015,506,
DEU,PISAMATH,TOT,MEANSCORE,A,2018,500,
GRC,PISAMATH,TOT,MEANSCORE,A,2003,445,
GRC,PISAMATH,TOT,MEANSCORE,A,2006,459,
GRC,PISAMATH,TOT,MEANSCORE,A,2009,466,
GRC,PISAMATH,TOT,MEANSCORE,A,2012,453,
GRC,PISAMATH,TOT,MEANSCORE,A,2015,454,
GRC,PISAMATH,TOT,MEANSCORE,A,2018,451,
HUN,PISAMATH,TOT,MEANSCORE,A,2003,490,
HUN,PISAMATH,TOT,MEANSCORE,A,2006,491,
HUN,PISAMATH,TOT,MEANSCORE,A,2009,490,
HUN,PISAMATH,TOT,MEANSCORE,A,2012,477,
HUN,PISAMATH,TOT,MEANSCORE,A,2015,477,
HUN,PISAMATH,TOT,MEANSCORE,A,2018,481,
ISL,PISAMATH,TOT,MEANSCORE,A,2003,515,
ISL,PISAMATH,TOT,MEANSCORE,A,2006,506,
ISL,PISAMATH,TOT,MEANSCORE,A,2009,507,
ISL,PISAMATH,TOT,MEANSCORE,A,2012,493,
ISL,PISAMATH,TOT,MEANSCORE,A,2015,488,
ISL,PISAMATH,TOT,MEANSCORE,A,2018,495,
IRL,PISAMATH,TOT,MEANSCORE,A,2003,503,
IRL,PISAMATH,TOT,MEANSCORE,A,2006,501,
IRL,PISAMATH,TOT,MEANSCORE,A,2009,487,
IRL,PISAMATH,TOT,MEANSCORE,A,2012,501,
IRL,PISAMATH,TOT,MEANSCORE,A,2015,504,
IRL,PISAMATH,TOT,MEANSCORE,A,2018,500,
ITA,PISAMATH,TOT,MEANSCORE,A,2003,466,
ITA,PISAMATH,TOT,MEANSCORE,A,2006,462,
ITA,PISAMATH,TOT,MEANSCORE,A,2009,483,
ITA,PISAMATH,TOT,MEANSCORE,A,2012,485,
ITA,PISAMATH,TOT,MEANSCORE,A,2015,490,
ITA,PISAMATH,TOT,MEANSCORE,A,2018,487,
JPN,PISAMATH,TOT,MEANSCORE,A,2003,534,
JPN,PISAMATH,TOT,MEANSCORE,A,2006,523,
JPN,PISAMATH,TOT,MEANSCORE,A,2009,529,
JPN,PISAMATH,TOT,MEANSCORE,A,2012,536,
JPN,PISAMATH,TOT,MEANSCORE,A,2015,532,
JPN,PISAMATH,TOT,MEANSCORE,A,2018,527,
KOR,PISAMATH,TOT,MEANSCORE,A,2003,542,
KOR,PISAMATH,TOT,MEANSCORE,A,2006,547,
KOR,PISAMATH,TOT,MEANSCORE,A,2009,546,
KOR,PISAMATH,TOT,MEANSCORE,A,2012,554,
KOR,PISAMATH,TOT,MEANSCORE,A,2015,524,
KOR,PISAMATH,TOT,MEANSCORE,A,2018,526,
LUX,PISAMATH,TOT,MEANSCORE,A,2003,493,
LUX,PISAMATH,TOT,MEANSCORE,A,2006,490,
LUX,PISAMATH,TOT,MEANSCORE,A,2009,489,
LUX,PISAMATH,TOT,MEANSCORE,A,2012,490,
LUX,PISAMATH,TOT,MEANSCORE,A,2015,486,
LUX,PISAMATH,TOT,MEANSCORE,A,2018,483,
MEX,PISAMATH,TOT,MEANSCORE,A,2003,385,
MEX,PISAMATH,TOT,MEANSCORE,A,2006,406,
MEX,PISAMATH,TOT,MEANSCORE,A,2009,419,
MEX,PISAMATH,TOT,MEANSCORE,A,2012,413,
MEX,PISAMATH,TOT,MEANSCORE,A,2015,408,
MEX,PISAMATH,TOT,MEANSCORE,A,2018,409,
NLD,PISAMATH,TOT,MEANSCORE,A,2003,538,
NLD,PISAMATH,TOT,MEANSCORE,A,2006,531,
NLD,PISAMATH,TOT,MEANSCORE,A,2009,526,
NLD,PISAMATH,TOT,MEANSCORE,A,2012,523,
NLD,PISAMATH,TOT,MEANSCORE,A,2015,512,
NLD,PISAMATH,TOT,MEANSCORE,A,2018,519,
NZL,PISAMATH,TOT,MEANSCORE,A,2003,523,
NZL,PISAMATH,TOT,MEANSCORE,A,2006,522,
NZL,PISAMATH,TOT,MEANSCORE,A,2009,519,
NZL,PISAMATH,TOT,MEANSCORE,A,2012,500,
NZL,PISAMATH,TOT,MEANSCORE,A,2015,495,
NZL,PISAMATH,TOT,MEANSCORE,A,2018,494,
NOR,PISAMATH,TOT,MEANSCORE,A,2003,495,
NOR,PISAMATH,TOT,MEANSCORE,A,2006,490,
NOR,PISAMATH,TOT,MEANSCORE,A,2009,498,
NOR,PISAMATH,TOT,MEANSCORE,A,2012,489,
NOR,PISAMATH,TOT,MEANSCORE,A,2015,502,
NOR,PISAMATH,TOT,MEANSCORE,A,2018,501,
POL,PISAMATH,TOT,MEANSCORE,A,2003,490,
POL,PISAMATH,TOT,MEANSCORE,A,2006,495,
POL,PISAMATH,TOT,MEANSCORE,A,2009,495,
POL,PISAMATH,TOT,MEANSCORE,A,2012,518,
POL,PISAMATH,TOT,MEANSCORE,A,2015,504,
POL,PISAMATH,TOT,MEANSCORE,A,2018,516,
PRT,PISAMATH,TOT,MEANSCORE,A,2003,466,
PRT,PISAMATH,TOT,MEANSCORE,A,2006,466,
PRT,PISAMATH,TOT,MEANSCORE,A,2009,487,
PRT,PISAMATH,TOT,MEANSCORE,A,2012,487,
PRT,PISAMATH,TOT,MEANSCORE,A,2015,492,
PRT,PISAMATH,TOT,MEANSCORE,A,2018,492,
SVK,PISAMATH,TOT,MEANSCORE,A,2003,498,
SVK,PISAMATH,TOT,MEANSCORE,A,2006,492,
SVK,PISAMATH,TOT,MEANSCORE,A,2009,497,
SVK,PISAMATH,TOT,MEANSCORE,A,2012,482,
SVK,PISAMATH,TOT,MEANSCORE,A,2015,475,
SVK,PISAMATH,TOT,MEANSCORE,A,2018,486,
ESP,PISAMATH,TOT,MEANSCORE,A,2003,485,
ESP,PISAMATH,TOT,MEANSCORE,A,2006,480,
ESP,PISAMATH,TOT,MEANSCORE,A,2009,483,
ESP,PISAMATH,TOT,MEANSCORE,A,2012,484,
ESP,PISAMATH,TOT,MEANSCORE,A,2015,486,
ESP,PISAMATH,TOT,MEANSCORE,A,2018,481,
SWE,PISAMATH,TOT,MEANSCORE,A,2003,509,
SWE,PISAMATH,TOT,MEANSCORE,A,2006,502,
SWE,PISAMATH,TOT,MEANSCORE,A,2009,494,
SWE,PISAMATH,TOT,MEANSCORE,A,2012,478,
SWE,PISAMATH,TOT,MEANSCORE,A,2015,494,
SWE,PISAMATH,TOT,MEANSCORE,A,2018,502,
CHE,PISAMATH,TOT,MEANSCORE,A,2003,527,
CHE,PISAMATH,TOT,MEANSCORE,A,2006,530,
CHE,PISAMATH,TOT,MEANSCORE,A,2009,534,
CHE,PISAMATH,TOT,MEANSCORE,A,2012,531,
CHE,PISAMATH,TOT,MEANSCORE,A,2015,521,
CHE,PISAMATH,TOT,MEANSCORE,A,2018,515,
TUR,PISAMATH,TOT,MEANSCORE,A,2003,423,
TUR,PISAMATH,TOT,MEANSCORE,A,2006,424,
TUR,PISAMATH,TOT,MEANSCORE,A,2009,445,
TUR,PISAMATH,TOT,MEANSCORE,A,2012,448,
TUR,PISAMATH,TOT,MEANSCORE,A,2015,420,
TUR,PISAMATH,TOT,MEANSCORE,A,2018,454,
GBR,PISAMATH,TOT,MEANSCORE,A,2006,495,
GBR,PISAMATH,TOT,MEANSCORE,A,2009,492,
GBR,PISAMATH,TOT,MEANSCORE,A,2012,494,
GBR,PISAMATH,TOT,MEANSCORE,A,2015,492,
GBR,PISAMATH,TOT,MEANSCORE,A,2018,502,
USA,PISAMATH,TOT,MEANSCORE,A,2003,483,
USA,PISAMATH,TOT,MEANSCORE,A,2006,474,
USA,PISAMATH,TOT,MEANSCORE,A,2009,487,
USA,PISAMATH,TOT,MEANSCORE,A,2012,481,
USA,PISAMATH,TOT,MEANSCORE,A,2015,470,
USA,PISAMATH,TOT,MEANSCORE,A,2018,478,
BRA,PISAMATH,TOT,MEANSCORE,A,2003,356,
BRA,PISAMATH,TOT,MEANSCORE,A,2006,370,
BRA,PISAMATH,TOT,MEANSCORE,A,2009,386,
BRA,PISAMATH,TOT,MEANSCORE,A,2012,389,
BRA,PISAMATH,TOT,MEANSCORE,A,2015,377,
BRA,PISAMATH,TOT,MEANSCORE,A,2018,384,
CHL,PISAMATH,TOT,MEANSCORE,A,2006,411,
CHL,PISAMATH,TOT,MEANSCORE,A,2009,421,
CHL,PISAMATH,TOT,MEANSCORE,A,2012,423,
CHL,PISAMATH,TOT,MEANSCORE,A,2015,423,
CHL,PISAMATH,TOT,MEANSCORE,A,2018,417,
EST,PISAMATH,TOT,MEANSCORE,A,2006,515,
EST,PISAMATH,TOT,MEANSCORE,A,2009,512,
EST,PISAMATH,TOT,MEANSCORE,A,2012,521,
EST,PISAMATH,TOT,MEANSCORE,A,2015,520,
EST,PISAMATH,TOT,MEANSCORE,A,2018,523,
IDN,PISAMATH,TOT,MEANSCORE,A,2003,360,
IDN,PISAMATH,TOT,MEANSCORE,A,2006,391,
IDN,PISAMATH,TOT,MEANSCORE,A,2009,371,
IDN,PISAMATH,TOT,MEANSCORE,A,2012,375,
IDN,PISAMATH,TOT,MEANSCORE,A,2015,386,
IDN,PISAMATH,TOT,MEANSCORE,A,2018,379,
ISR,PISAMATH,TOT,MEANSCORE,A,2006,442,
ISR,PISAMATH,TOT,MEANSCORE,A,2009,447,
ISR,PISAMATH,TOT,MEANSCORE,A,2012,466,
ISR,PISAMATH,TOT,MEANSCORE,A,2015,470,
ISR,PISAMATH,TOT,MEANSCORE,A,2018,463,
LVA,PISAMATH,TOT,MEANSCORE,A,2003,483,
LVA,PISAMATH,TOT,MEANSCORE,A,2006,486,
LVA,PISAMATH,TOT,MEANSCORE,A,2009,482,
LVA,PISAMATH,TOT,MEANSCORE,A,2012,491,
LVA,PISAMATH,TOT,MEANSCORE,A,2015,482,
LVA,PISAMATH,TOT,MEANSCORE,A,2018,496,
RUS,PISAMATH,TOT,MEANSCORE,A,2003,468,
RUS,PISAMATH,TOT,MEANSCORE,A,2006,476,
RUS,PISAMATH,TOT,MEANSCORE,A,2009,468,
RUS,PISAMATH,TOT,MEANSCORE,A,2012,482,
RUS,PISAMATH,TOT,MEANSCORE,A,2015,494,
RUS,PISAMATH,TOT,MEANSCORE,A,2018,488,
SGP,PISAMATH,BOY,MEANSCORE,A,2015,564,
SGP,PISAMATH,GIRL,MEANSCORE,A,2015,564,
SVN,PISAMATH,TOT,MEANSCORE,A,2006,504,
SVN,PISAMATH,TOT,MEANSCORE,A,2009,501,
SVN,PISAMATH,TOT,MEANSCORE,A,2012,501,
SVN,PISAMATH,TOT,MEANSCORE,A,2015,510,
SVN,PISAMATH,TOT,MEANSCORE,A,2018,509,
OAVG,PISAMATH,TOT,MEANSCORE,A,2006,494,
OAVG,PISAMATH,TOT,MEANSCORE,A,2009,495,
OAVG,PISAMATH,TOT,MEANSCORE,A,2012,494,
OAVG,PISAMATH,TOT,MEANSCORE,A,2015,490,
OAVG,PISAMATH,TOT,MEANSCORE,A,2018,489,
COL,PISAMATH,TOT,MEANSCORE,A,2015,390,
COL,PISAMATH,TOT,MEANSCORE,A,2018,391,
COL,PISAMATH,BOY,MEANSCORE,A,2015,395,
COL,PISAMATH,BOY,MEANSCORE,A,2018,401,
COL,PISAMATH,GIRL,MEANSCORE,A,2015,384,
COL,PISAMATH,GIRL,MEANSCORE,A,2018,381,
HKG,PISAMATH,TOT,MEANSCORE,A,2015,548,
HKG,PISAMATH,BOY,MEANSCORE,A,2015,549,
HKG,PISAMATH,GIRL,MEANSCORE,A,2015,547,
PER,PISAMATH,TOT,MEANSCORE,A,2015,387,
PER,PISAMATH,BOY,MEANSCORE,A,2015,391,
PER,PISAMATH,GIRL,MEANSCORE,A,2015,382,
SGP,PISAMATH,TOT,MEANSCORE,A,2015,564,
TWN,PISAMATH,TOT,MEANSCORE,A,2015,542,
TWN,PISAMATH,BOY,MEANSCORE,A,2015,545,
TWN,PISAMATH,GIRL,MEANSCORE,A,2015,539,
MAC,PISAMATH,TOT,MEANSCORE,A,2015,544,
MAC,PISAMATH,BOY,MEANSCORE,A,2015,540,
MAC,PISAMATH,GIRL,MEANSCORE,A,2015,548,
CRI,PISAMATH,TOT,MEANSCORE,A,2018,402,
CRI,PISAMATH,BOY,MEANSCORE,A,2018,411,
CRI,PISAMATH,GIRL,MEANSCORE,A,2018,394,
LTU,PISAMATH,TOT,MEANSCORE,A,2018,481,
LTU,PISAMATH,BOY,MEANSCORE,A,2018,480,
LTU,PISAMATH,GIRL,MEANSCORE,A,2018,482,
