﻿﻿Title:,"Figure 11 - Standard industrial classification of graduates entering work in the UK by subject area of degree"
Subtitle:,"Academic year 2019/20"
Reference ID:,SB263 Figure 11
Data source:,HESA
Data source link:,https://www.hesa.ac.uk/data-and-analysis/sb263/figure-11
Data file canonical link:,https://www.hesa.ac.uk/data-and-analysis/sb263/figure-11.csv
Licence:,Creative Commons Attribution 4.0 International Licence
Date:,2022
Filters:,Country of provider,All 
,Domicile,All 
,Provider type,All 
,Level of qualification,All 
,Mode of former study,All 
,Work population marker,Work is an activity 
,Work type marker,All 


"Standard Industrial Classification","01 Medicine & dentistry ","02 Subjects allied to medicine ","03 Biological and sport sciences ","04 Psychology ","05 Veterinary sciences ","06 Agriculture, food and related studies ","07 Physical sciences ","09 Mathematical sciences ","10 Engineering and technology ","11 Computing ","13 Architecture, building and planning ","26 Geography, earth and environmental studies (natural sciences) ","Total science CAH level 1 subject areas ","Total "
"Agriculture, forestry and fishing","0%","0%","1%","0%","1%","15%","0%","0%","0%","0%","0%","1%","0%","0%"
"Mining and quarrying","0%","0%","0%","0%","0%","0%","0%","0%","2%","0%","0%","1%","0%","0%"
"Manufacturing","1%","1%","5%","1%","1%","12%","14%","4%","26%","6%","2%","3%","7%","5%"
"Electricity, gas, steam and air conditioning supply","0%","0%","0%","0%","0%","0%","1%","1%","2%","0%","1%","1%","1%","0%"
"Water supply; sewerage, waste management and remediation activities","0%","0%","0%","0%","0%","0%","1%","0%","1%","0%","0%","3%","0%","0%"
"Construction","0%","0%","1%","0%","0%","1%","1%","1%","9%","1%","24%","5%","3%","2%"
"Wholesale and retail trade; repair of motor vehicles and motorcycles","1%","6%","10%","7%","1%","13%","7%","6%","7%","10%","4%","10%","7%","9%"
"Transportation and storage","0%","0%","1%","1%","0%","1%","1%","1%","3%","2%","1%","2%","1%","1%"
"Accommodation and food service activities","0%","1%","6%","4%","1%","8%","4%","3%","2%","3%","2%","5%","3%","4%"
"Information and communication","1%","1%","3%","2%","0%","1%","11%","16%","7%","40%","1%","5%","7%","7%"
"Financial and insurance activities","0%","0%","1%","2%","0%","1%","5%","19%","2%","8%","1%","4%","3%","4%"
"Real estate activities","0%","0%","1%","1%","0%","2%","0%","1%","0%","1%","6%","2%","1%","1%"
"Professional, scientific and technical activities","3%","3%","14%","5%","85%","14%","21%","17%","20%","8%","42%","24%","12%","13%"
"Administrative and support service activities","0%","1%","4%","4%","0%","3%","2%","3%","2%","3%","2%","4%","2%","4%"
"Public administration and defence; compulsory social security","2%","2%","4%","8%","2%","4%","6%","5%","4%","4%","7%","10%","4%","6%"
"Education","9%","4%","22%","19%","4%","9%","17%","18%","7%","8%","3%","12%","10%","18%"
"Human health and social work activities","82%","79%","16%","42%","1%","5%","7%","3%","2%","4%","2%","5%","35%","21%"
"Arts, entertainment and recreation","0%","1%","9%","2%","1%","6%","2%","2%","1%","2%","1%","3%","2%","3%"
"Other service activities","0%","0%","2%","1%","2%","5%","1%","1%","0%","1%","0%","2%","1%","1%"
"Activities of households as employers; undifferentiated goods-and services-producing activities of households for own use","0%","0%","0%","0%","0%","0%","0%","0%","0%","0%","0%","0%","0%","0%"
"Activities of extraterritorial organisations and bodies","0%","0%","0%","0%","0%","0%","0%","0%","0%","0%","0%","0%","0%","0%"
"Total","100%","100%","100%","100%","100%","100%","100%","100%","100%","100%","100%","100%","100%","100%"