﻿﻿Title:,,,,,,,
Subtitle:,,,,,,,
Reference ID:,,,,,,,
Data source:,,,,,,,
Data source link:,,,,,,,
Data file canonical link:,,,,,,,
Licence:,,,,,,,
Date:,,,,,,,
Filters:,,,,,,,
,,,,,,,
,,,,,,,
,,,,,,,
,,,,,,,
,,,,,,,
,,,,,,,
,,,,,,,
,,,,,,,
Standard Industrial Classification,Computing ,Engineering and technology ,Mathematical sciences ,Physical sciences ,,,
"Agriculture, forestry and fishing",0%,0%,0%,0%,,,
Mining and quarrying,0%,2%,0%,0%,,,
Manufacturing,6%,26%,4%,14%,,,
"Electricity, gas, steam and air conditioning supply",0%,2%,1%,1%,,,
"Water supply; sewerage, waste management ",0%,1%,0%,1%,,,
Construction,1%,9%,1%,1%,,,
Wholesale and retail trade; repair of motor vehicles ,10%,7%,6%,7%,,,
Transportation and storage,2%,3%,1%,1%,,,
Accommodation and food service activities,3%,2%,3%,4%,,,
Information and communication,40%,7%,16%,11%,,,
Financial and insurance activities,8%,2%,19%,5%,,,
Real estate activities,1%,0%,1%,0%,,,
"Professional, scientific and technical activities",8%,20%,17%,21%,,,
Administrative and support service activities,3%,2%,3%,2%,,,
Public administration and defence; social security,4%,4%,5%,6%,,,
Education,8%,7%,18%,17%,,,
Human health and social work activities,4%,2%,3%,7%,,,
"Arts, entertainment and recreation",2%,1%,2%,2%,,,
Other service activities,1%,0%,1%,1%,,,
,,,,,,,
,,,,,,,
,,,,,,,