﻿Subject area of degree,Full-time employment ,Part-time employment ,Unknown pattern of employment ,Voluntary or unpaid work ,Employmentand further study,Full-time further study,Part-time further study,Unknown pattern of further study,"Other including travel, caring for someone or retired",Unemployed and due to start work ,Unemployed and due to start further study ,Unemployed ,Total with known outcomes 
01 Medicine and dentistry,79%,3%,0%,0%,10%,4%,0%,0%,2%,0%,0%,0%,100%
02 Subjects allied to medicine,66%,9%,1%,1%,9%,6%,0%,0%,5%,1%,0%,2%,100%
03 Biological and sport sciences,44%,12%,1%,2%,13%,18%,1%,0%,4%,1%,1%,4%,100%
04 Psychology,44%,12%,0%,2%,15%,14%,1%,0%,5%,1%,1%,4%,100%
05 Veterinary sciences,82%,5%,1%,0%,6%,2%,0%,0%,4%,0%,0%,1%,100%
"06 Agriculture, food and related studies",54%,15%,0%,2%,9%,7%,1%,0%,5%,1%,1%,4%,100%
07 Physical sciences,48%,6%,0%,1%,10%,23%,0%,0%,5%,1%,1%,5%,100%
09 Mathematical sciences,52%,6%,0%,1%,11%,17%,1%,0%,4%,1%,1%,6%,100%
10 Engineering and technology,61%,6%,1%,1%,10%,10%,0%,0%,4%,1%,0%,5%,100%
11 Computing,58%,12%,1%,1%,9%,7%,0%,0%,4%,1%,0%,7%,100%
"13 Architecture, building and planning",64%,9%,1%,1%,11%,5%,0%,0%,4%,1%,1%,3%,100%
15 Social sciences,51%,10%,1%,1%,12%,11%,1%,0%,6%,1%,0%,5%,100%
16 Law,46%,8%,1%,2%,15%,14%,1%,0%,5%,1%,1%,6%,100%
17 Business and management,53%,10%,1%,1%,11%,8%,1%,0%,6%,1%,1%,6%,100%
19 Language and area studies,43%,14%,0%,2%,13%,13%,1%,0%,6%,2%,1%,5%,100%
"20 Historical, philosophical and religious studies",42%,12%,0%,2%,13%,16%,1%,0%,5%,2%,1%,5%,100%
22 Education and teaching,62%,12%,1%,1%,9%,5%,1%,0%,5%,1%,0%,3%,100%
23 Combined and general studies,43%,11%,1%,1%,13%,11%,1%,0%,12%,1%,0%,5%,100%
"24 Media, journalism and communications",50%,20%,1%,2%,10%,7%,0%,0%,3%,1%,0%,6%,100%
"25 Design, and creative and performing arts",43%,26%,1%,1%,10%,6%,0%,0%,5%,1%,0%,5%,100%
"26 Geography, earth and environmental studies (natural sciences)",48%,9%,0%,1%,12%,18%,1%,0%,4%,2%,1%,4%,100%
"26 Geography, earth and environmental studies (social sciences)",54%,7%,0%,2%,12%,15%,0%,0%,4%,1%,1%,4%,100%
Total,53%,12%,1%,1%,11%,10%,1%,0%,5%,1%,0%,5%,100%
Total non-science CAH level 1,49%,14%,1%,1%,12%,10%,1%,0%,6%,1%,0%,5%,100%
Total science CAH level 1,58%,9%,0%,1%,10%,11%,0%,0%,4%,1%,0%,4%,100%
